/*
 Navicat Premium Data Transfer

 Source Server         : hadoop102
 Source Server Type    : MySQL
 Source Server Version : 50716
 Source Host           : hadoop102:3306
 Source Schema         : ad

 Target Server Type    : MySQL
 Target Server Version : 50716
 File Encoding         : 65001

 Date: 19/02/2023 23:21:31
*/

SET NAMES utf8mb4;
SET FOREIGN_KEY_CHECKS = 0;

-- ----------------------------
-- Table structure for ads
-- ----------------------------
DROP TABLE IF EXISTS `ads`;
CREATE TABLE `ads`  (
  `id` bigint(20) NOT NULL,
  `product_id` bigint(20) NULL DEFAULT NULL,
  `material_id` bigint(20) NULL DEFAULT NULL,
  `group_id` bigint(20) NULL DEFAULT NULL,
  `ad_name` varchar(255) CHARACTER SET utf8 COLLATE utf8_general_ci NULL DEFAULT NULL,
  `materail_url` text CHARACTER SET utf8 COLLATE utf8_general_ci NULL,
  PRIMARY KEY (`id`) USING BTREE
) ENGINE = InnoDB CHARACTER SET = utf8 COLLATE = utf8_general_ci ROW_FORMAT = DYNAMIC;

-- ----------------------------
-- Records of ads
-- ----------------------------
INSERT INTO `ads` VALUES (0, 329375909941, 712337489641, 8, 'c41f2256', 'http://e0f32383/c41f2256.png');
INSERT INTO `ads` VALUES (1, 130171159227, 519572879265, 7, 'c41f23e9', 'http://e0f325b0/c41f23e9.png');
INSERT INTO `ads` VALUES (2, 251005109937, 294923573889, 10, 'c41f2423', 'http://e0f325ee/c41f2423.png');
INSERT INTO `ads` VALUES (3, 363089600077, 357389126824, 8, 'c41f2451', 'http://e0f32623/c41f2451.png');
INSERT INTO `ads` VALUES (4, 52056363325, 859496271559, 5, 'c41f2476', 'http://e0f3264d/c41f2476.png');
INSERT INTO `ads` VALUES (5, 115575013165, 969383475278, 10, 'c41f2499', 'http://e0f3267b/c41f2499.png');
INSERT INTO `ads` VALUES (6, 228622758645, 326727615678, 7, 'c41f24be', 'http://e0f326a3/c41f24be.png');
INSERT INTO `ads` VALUES (7, 641780822, 912772469688, 10, 'c41f24e2', 'http://e0f326cb/c41f24e2.png');
INSERT INTO `ads` VALUES (8, 314192987817, 631568682666, 10, 'c41f2506', 'http://e0f326f6/c41f2506.png');
INSERT INTO `ads` VALUES (9, 253468947022, 265331751319, 1, 'c41f2529', 'http://e0f3271d/c41f2529.png');
INSERT INTO `ads` VALUES (10, 251005379293, 818772792783, 1, 'c41f254e', 'http://e0f32745/c41f254e.png');
INSERT INTO `ads` VALUES (11, 331688069571, 195918596815, 9, 'c41f2570', 'http://e0f3276c/c41f2570.png');
INSERT INTO `ads` VALUES (12, 229014303779, 292671235258, 6, 'c41f2592', 'http://e0f32793/c41f2592.png');
INSERT INTO `ads` VALUES (13, 82020370264, 273445757767, 9, 'c41f25b5', 'http://e0f327bb/c41f25b5.png');
INSERT INTO `ads` VALUES (14, 119104589008, 156491416611, 1, 'c41f25dc', 'http://e0f327e1/c41f25dc.png');
INSERT INTO `ads` VALUES (15, 203140651797, 545723471589, 2, 'c41f25fd', 'http://e0f32808/c41f25fd.png');
INSERT INTO `ads` VALUES (16, 172689537794, 313724742796, 8, 'c41f261e', 'http://e0f32833/c41f261e.png');
INSERT INTO `ads` VALUES (17, 153058772633, 728111939176, 10, 'c41f2640', 'http://e0f32858/c41f2640.png');
INSERT INTO `ads` VALUES (18, 259177903687, 155137547793, 11, 'c41f2662', 'http://e0f3287c/c41f2662.png');
INSERT INTO `ads` VALUES (19, 295230753890, 546915658314, 10, 'c41f2684', 'http://e0f328a3/c41f2684.png');
INSERT INTO `ads` VALUES (20, 57061686338, 421714421213, 7, 'c41f26a6', 'http://e0f328cc/c41f26a6.png');
INSERT INTO `ads` VALUES (21, 65724024973, 448839691269, 8, 'c41f26c8', 'http://e0f328f0/c41f26c8.png');
INSERT INTO `ads` VALUES (22, 232800079205, 475313517454, 9, 'c41f26ea', 'http://e0f32914/c41f26ea.png');
INSERT INTO `ads` VALUES (23, 1552077498, 276488333271, 5, 'c41f270b', 'http://e0f3293c/c41f270b.png');
INSERT INTO `ads` VALUES (24, 222581635000, 774295321186, 5, 'c41f272d', 'http://e0f32962/c41f272d.png');
INSERT INTO `ads` VALUES (25, 430363822854, 237268229373, 2, 'c41f274f', 'http://e0f32988/c41f274f.png');
INSERT INTO `ads` VALUES (26, 296816640514, 636267334733, 9, 'c41f2770', 'http://e0f32ba1/c41f2770.png');
INSERT INTO `ads` VALUES (27, 379659556684, 476335275835, 8, 'c41f2792', 'http://e0f32bc8/c41f2792.png');
INSERT INTO `ads` VALUES (28, 210657775700, 317599287358, 6, 'c41f27b3', 'http://e0f32bea/c41f27b3.png');
INSERT INTO `ads` VALUES (29, 429460017, 146846371661, 0, 'c41f27d6', 'http://e0f32c10/c41f27d6.png');
INSERT INTO `ads` VALUES (30, 263690488153, 347417517478, 7, 'c41f27f7', 'http://e0f32c34/c41f27f7.png');
INSERT INTO `ads` VALUES (31, 165465538514, 516645129977, 7, 'c41f281b', 'http://e0f32c57/c41f281b.png');
INSERT INTO `ads` VALUES (32, 347297476117, 182493244676, 4, 'c41f283c', 'http://e0f32c7c/c41f283c.png');
INSERT INTO `ads` VALUES (33, 277565683028, 883555672712, 8, 'c41f285d', 'http://e0f32ca1/c41f285d.png');
INSERT INTO `ads` VALUES (34, 338916900519, 636346657257, 10, 'c41f287f', 'http://e0f32cc4/c41f287f.png');
INSERT INTO `ads` VALUES (35, 325548425189, 326728655394, 9, 'c41f28a0', 'http://e0f32ce8/c41f28a0.png');
INSERT INTO `ads` VALUES (36, 133706072, 848767214353, 3, 'c41f28c4', 'http://e0f32d0c/c41f28c4.png');
INSERT INTO `ads` VALUES (37, 243848758303, 235677311372, 2, 'c41f28e5', 'http://e0f32d2f/c41f28e5.png');
INSERT INTO `ads` VALUES (38, 335895349414, 388717687236, 6, 'c41f2908', 'http://e0f32d53/c41f2908.png');
INSERT INTO `ads` VALUES (39, 281401931161, 187588493252, 8, 'c41f2929', 'http://e0f32d77/c41f2929.png');
INSERT INTO `ads` VALUES (40, 324004964192, 189859538429, 1, 'c41f294a', 'http://e0f32d9b/c41f294a.png');
INSERT INTO `ads` VALUES (41, 241708263563, 259382894262, 5, 'c41f296c', 'http://e0f32dbf/c41f296c.png');
INSERT INTO `ads` VALUES (42, 253534110087, 966945542626, 3, 'c41f2990', 'http://e0f32de5/c41f2990.png');
INSERT INTO `ads` VALUES (43, 317194923259, 114987537565, 1, 'c41f29b1', 'http://e0f32e08/c41f29b1.png');
INSERT INTO `ads` VALUES (44, 265848108073, 553618319428, 0, 'c41f29d3', 'http://e0f32e2b/c41f29d3.png');
INSERT INTO `ads` VALUES (45, 347071993995, 342364727424, 2, 'c41f29f4', 'http://e0f32e4e/c41f29f4.png');
INSERT INTO `ads` VALUES (46, 285543817257, 356471665134, 8, 'c41f2a16', 'http://e0f32e72/c41f2a16.png');
INSERT INTO `ads` VALUES (47, 6869377317, 817148116346, 10, 'c41f2a38', 'http://e0f32e96/c41f2a38.png');
INSERT INTO `ads` VALUES (48, 6190439310, 765472437941, 6, 'c41f2a5a', 'http://e0f32ebb/c41f2a5a.png');
INSERT INTO `ads` VALUES (49, 248605538963, 922673747463, 0, 'c41f2a7b', 'http://e0f32edf/c41f2a7b.png');
INSERT INTO `ads` VALUES (50, 248781821875, 723641337931, 9, 'c41f2a9c', 'http://e0f32f06/c41f2a9c.png');
INSERT INTO `ads` VALUES (51, 48534791058, 224367983669, 9, 'c41f2abd', 'http://e0f32f2a/c41f2abd.png');
INSERT INTO `ads` VALUES (52, 231561237116, 861617424919, 6, 'c41f2ae0', 'http://e0f32f4d/c41f2ae0.png');
INSERT INTO `ads` VALUES (53, 303311182382, 619754249268, 9, 'c41f2b00', 'http://e0f32f70/c41f2b00.png');
INSERT INTO `ads` VALUES (54, 323178646207, 519555433529, 9, 'c41f2b22', 'http://e0f330eb/c41f2b22.png');
INSERT INTO `ads` VALUES (55, 168371693489, 115663673797, 7, 'c41f2b43', 'http://e0f3310f/c41f2b43.png');
INSERT INTO `ads` VALUES (56, 65419777628, 923663798236, 7, 'c41f2b66', 'http://e0f33132/c41f2b66.png');
INSERT INTO `ads` VALUES (57, 119112390669, 838886297741, 2, 'c41f2b89', 'http://e0f33156/c41f2b89.png');
INSERT INTO `ads` VALUES (58, 392141926838, 424582881651, 3, 'c41f2bab', 'http://e0f3317a/c41f2bab.png');
INSERT INTO `ads` VALUES (59, 308592609870, 888871496366, 11, 'c41f2bcd', 'http://e0f3319e/c41f2bcd.png');
INSERT INTO `ads` VALUES (60, 8139767277, 799723284481, 3, 'c41f2bee', 'http://e0f331c1/c41f2bee.png');
INSERT INTO `ads` VALUES (61, 374352357067, 798896531623, 6, 'c41f2c0e', 'http://e0f331e4/c41f2c0e.png');
INSERT INTO `ads` VALUES (62, 123302722747, 229934716931, 7, 'c41f2c2f', 'http://e0f33206/c41f2c2f.png');
INSERT INTO `ads` VALUES (63, 339687047238, 672534149397, 4, 'c41f2c52', 'http://e0f3322b/c41f2c52.png');
INSERT INTO `ads` VALUES (64, 177731813403, 931929576449, 10, 'c41f2c71', 'http://e0f3324f/c41f2c71.png');
INSERT INTO `ads` VALUES (65, 61380225539, 257176296852, 3, 'c41f2c92', 'http://e0f33272/c41f2c92.png');
INSERT INTO `ads` VALUES (66, 330692587165, 746951954341, 10, 'c41f2cb3', 'http://e0f33297/c41f2cb3.png');
INSERT INTO `ads` VALUES (67, 21877880109, 784317771264, 8, 'c41f2cd5', 'http://e0f332ba/c41f2cd5.png');
INSERT INTO `ads` VALUES (68, 232317848859, 368513171488, 0, 'c41f2cf6', 'http://e0f332de/c41f2cf6.png');
INSERT INTO `ads` VALUES (69, 120699107714, 155229168697, 9, 'c41f2d19', 'http://e0f33301/c41f2d19.png');
INSERT INTO `ads` VALUES (70, 298846635695, 344485935511, 4, 'c41f2d40', 'http://e0f33324/c41f2d40.png');
INSERT INTO `ads` VALUES (71, 81347058059, 324421818611, 2, 'c41f2ecb', 'http://e0f33348/c41f2ecb.png');
INSERT INTO `ads` VALUES (72, 335157017981, 914272191688, 3, 'c41f2eef', 'http://e0f3336b/c41f2eef.png');
INSERT INTO `ads` VALUES (73, 422658899741, 559395279979, 0, 'c41f2f10', 'http://e0f33390/c41f2f10.png');
INSERT INTO `ads` VALUES (74, 305561334804, 237214431526, 7, 'c41f2f33', 'http://e0f333b4/c41f2f33.png');
INSERT INTO `ads` VALUES (75, 27790781361, 872489879244, 4, 'c41f30a0', 'http://e0f333d9/c41f30a0.png');
INSERT INTO `ads` VALUES (76, 257552302942, 498887249542, 8, 'c41f30ee', 'http://e0f333ff/c41f30ee.png');
INSERT INTO `ads` VALUES (77, 199673032085, 191482136371, 4, 'c41f3117', 'http://e0f33422/c41f3117.png');
INSERT INTO `ads` VALUES (78, 203273252937, 937933958369, 1, 'c41f3139', 'http://e0f33445/c41f3139.png');
INSERT INTO `ads` VALUES (79, 36284569446, 384693897178, 5, 'c41f315b', 'http://e0f335c0/c41f315b.png');
INSERT INTO `ads` VALUES (80, 264259437115, 993165329441, 1, 'c41f317f', 'http://e0f335e4/c41f317f.png');
INSERT INTO `ads` VALUES (81, 426262513532, 881669998299, 0, 'c41f319f', 'http://e0f33605/c41f319f.png');
INSERT INTO `ads` VALUES (82, 228643207416, 481836979198, 6, 'c41f31c0', 'http://e0f3362a/c41f31c0.png');
INSERT INTO `ads` VALUES (83, 375322607254, 791972385571, 6, 'c41f31e1', 'http://e0f3364d/c41f31e1.png');
INSERT INTO `ads` VALUES (84, 119084005768, 475163563246, 10, 'c41f3202', 'http://e0f33671/c41f3202.png');
INSERT INTO `ads` VALUES (85, 239958088153, 985351467358, 9, 'c41f3223', 'http://e0f33695/c41f3223.png');
INSERT INTO `ads` VALUES (86, 203817221349, 879681689646, 2, 'c41f3243', 'http://e0f336b8/c41f3243.png');
INSERT INTO `ads` VALUES (87, 141747039842, 851971568498, 1, 'c41f3267', 'http://e0f336dc/c41f3267.png');
INSERT INTO `ads` VALUES (88, 235600056009, 175245725841, 3, 'c41f3287', 'http://e0f336fe/c41f3287.png');
INSERT INTO `ads` VALUES (89, 373259052373, 868634894549, 5, 'c41f32a7', 'http://e0f33721/c41f32a7.png');
INSERT INTO `ads` VALUES (90, 418988094235, 193319921123, 4, 'c41f32c7', 'http://e0f33744/c41f32c7.png');
INSERT INTO `ads` VALUES (91, 307939141586, 448197618943, 11, 'c41f32e9', 'http://e0f33767/c41f32e9.png');
INSERT INTO `ads` VALUES (92, 400891539363, 495181459216, 5, 'c41f3309', 'http://e0f3378a/c41f3309.png');
INSERT INTO `ads` VALUES (93, 319335619558, 448917344413, 3, 'c41f332a', 'http://e0f337ac/c41f332a.png');
INSERT INTO `ads` VALUES (94, 22011462722, 466823128676, 7, 'c41f334c', 'http://e0f337cf/c41f334c.png');
INSERT INTO `ads` VALUES (95, 203291863935, 573943167119, 4, 'c41f336d', 'http://e0f337f2/c41f336d.png');
INSERT INTO `ads` VALUES (96, 197736861660, 218943637863, 3, 'c41f338f', 'http://e0f33817/c41f338f.png');
INSERT INTO `ads` VALUES (97, 177521041909, 375685728985, 10, 'c41f33af', 'http://e0f33839/c41f33af.png');
INSERT INTO `ads` VALUES (98, 127520924226, 453787121739, 11, 'c41f33cf', 'http://e0f3385c/c41f33cf.png');
INSERT INTO `ads` VALUES (99, 169163107206, 744654135518, 1, 'c41f33f0', 'http://e0f3387e/c41f33f0.png');
INSERT INTO `ads` VALUES (100, 246083850047, 687788253645, 5, 'c41f3411', 'http://e0f339f7/c41f3411.png');
INSERT INTO `ads` VALUES (101, 40298732209, 355996176617, 9, 'c41f3431', 'http://e0f33a1a/c41f3431.png');
INSERT INTO `ads` VALUES (102, 203724082825, 257148513536, 6, 'c41f3453', 'http://e0f33a3c/c41f3453.png');
INSERT INTO `ads` VALUES (103, 347189344378, 349123426321, 4, 'c41f3473', 'http://e0f33a62/c41f3473.png');
INSERT INTO `ads` VALUES (104, 266164824149, 429613895631, 0, 'c41f3493', 'http://e0f33a85/c41f3493.png');
INSERT INTO `ads` VALUES (105, 332900990373, 722882323925, 11, 'c41f34b4', 'http://e0f33aa8/c41f34b4.png');
INSERT INTO `ads` VALUES (106, 235097254513, 734781151298, 8, 'c41f34d4', 'http://e0f33acb/c41f34d4.png');
INSERT INTO `ads` VALUES (107, 61974341213, 556489326234, 3, 'c41f34f5', 'http://e0f33aef/c41f34f5.png');
INSERT INTO `ads` VALUES (108, 221430543764, 657388558139, 0, 'c41f3515', 'http://e0f33b12/c41f3515.png');
INSERT INTO `ads` VALUES (109, 367783331055, 587648266324, 2, 'c41f3539', 'http://e0f33b35/c41f3539.png');
INSERT INTO `ads` VALUES (110, 294936205085, 146427542458, 11, 'c41f3559', 'http://e0f33b59/c41f3559.png');
INSERT INTO `ads` VALUES (111, 97075560767, 568376644131, 6, 'c41f357b', 'http://e0f33b7c/c41f357b.png');
INSERT INTO `ads` VALUES (112, 325420801130, 963357813767, 6, 'c41f359e', 'http://e0f33ba0/c41f359e.png');
INSERT INTO `ads` VALUES (113, 50852323844, 718542546915, 7, 'c41f35bf', 'http://e0f33bc3/c41f35bf.png');
INSERT INTO `ads` VALUES (114, 877301258, 213424852926, 7, 'c41f35df', 'http://e0f33be7/c41f35df.png');
INSERT INTO `ads` VALUES (115, 357360727504, 911244362216, 8, 'c41f3601', 'http://e0f33c0b/c41f3601.png');
INSERT INTO `ads` VALUES (116, 327257891461, 954763247234, 10, 'c41f377e', 'http://e0f33c30/c41f377e.png');
INSERT INTO `ads` VALUES (117, 194760977276, 383379845551, 2, 'c41f37a9', 'http://e0f33c52/c41f37a9.png');
INSERT INTO `ads` VALUES (118, 384307587090, 325883341136, 10, 'c41f37cb', 'http://e0f33c74/c41f37cb.png');
INSERT INTO `ads` VALUES (119, 232503599793, 168175592185, 5, 'c41f37f6', 'http://e0f33def/c41f37f6.png');
INSERT INTO `ads` VALUES (120, 311350608237, 333578197355, 9, 'c41f381a', 'http://e0f33e12/c41f381a.png');
INSERT INTO `ads` VALUES (121, 221189546686, 672689767255, 0, 'c41f383f', 'http://e0f33e34/c41f383f.png');
INSERT INTO `ads` VALUES (122, 341004174401, 642668653159, 11, 'c41f3862', 'http://e0f33e59/c41f3862.png');
INSERT INTO `ads` VALUES (123, 4051723170, 513235474993, 4, 'c41f3885', 'http://e0f33e7e/c41f3885.png');
INSERT INTO `ads` VALUES (124, 8675119179, 196275291472, 0, 'c41f38a8', 'http://e0f33ea2/c41f38a8.png');
INSERT INTO `ads` VALUES (125, 258939769555, 219394984266, 6, 'c41f38cb', 'http://e0f33ec6/c41f38cb.png');
INSERT INTO `ads` VALUES (126, 267748914876, 855612722424, 1, 'c41f38ee', 'http://e0f33ee9/c41f38ee.png');
INSERT INTO `ads` VALUES (127, 289010176100, 122139757996, 3, 'c41f3912', 'http://e0f33f0c/c41f3912.png');
INSERT INTO `ads` VALUES (128, 267185780781, 523936662799, 7, 'c41f3934', 'http://e0f33f2e/c41f3934.png');
INSERT INTO `ads` VALUES (129, 310892618229, 941131792415, 7, 'c41f3958', 'http://e0f33f52/c41f3958.png');
INSERT INTO `ads` VALUES (130, 284875964819, 595393532743, 6, 'c41f397b', 'http://e0f33f76/c41f397b.png');
INSERT INTO `ads` VALUES (131, 97386343, 639959251611, 2, 'c41f3b1e', 'http://e0f33f99/c41f3b1e.png');
INSERT INTO `ads` VALUES (132, 231841278936, 727835352814, 1, 'c41f3b43', 'http://e0f33fbc/c41f3b43.png');
INSERT INTO `ads` VALUES (133, 361086530601, 688248781852, 7, 'c41f3b6b', 'http://e0f33fe0/c41f3b6b.png');
INSERT INTO `ads` VALUES (134, 311350994512, 441738333956, 1, 'c41f3b90', 'http://e0f34003/c41f3b90.png');
INSERT INTO `ads` VALUES (135, 128850039939, 353158367116, 7, 'c41f3bb3', 'http://e0f341db/c41f3bb3.png');
INSERT INTO `ads` VALUES (136, 8141818774, 467126259284, 7, 'c41f3bd7', 'http://e0f34203/c41f3bd7.png');
INSERT INTO `ads` VALUES (137, 202203401199, 586684238169, 6, 'c41f3bfc', 'http://e0f34224/c41f3bfc.png');
INSERT INTO `ads` VALUES (138, 411976901367, 886496156537, 7, 'c41f3c1e', 'http://e0f34248/c41f3c1e.png');
INSERT INTO `ads` VALUES (139, 27589595203, 373417591976, 6, 'c41f3c41', 'http://e0f3426c/c41f3c41.png');
INSERT INTO `ads` VALUES (140, 294897228627, 948684238127, 10, 'c41f3c65', 'http://e0f3428f/c41f3c65.png');
INSERT INTO `ads` VALUES (141, 246109002817, 374535496921, 10, 'c41f3c8a', 'http://e0f342b2/c41f3c8a.png');
INSERT INTO `ads` VALUES (142, 273296705661, 373858766187, 7, 'c41f3cae', 'http://e0f342d4/c41f3cae.png');
INSERT INTO `ads` VALUES (143, 8138972212, 422784647869, 8, 'c41f3cd2', 'http://e0f342f7/c41f3cd2.png');
INSERT INTO `ads` VALUES (144, 325970261411, 384218331435, 11, 'c41f3cf9', 'http://e0f3431a/c41f3cf9.png');
INSERT INTO `ads` VALUES (145, 302899447829, 589665362695, 5, 'c41f3d1e', 'http://e0f3433e/c41f3d1e.png');
INSERT INTO `ads` VALUES (146, 196831238126, 756131819344, 11, 'c41f3d42', 'http://e0f34362/c41f3d42.png');
INSERT INTO `ads` VALUES (147, 164130611722, 122267124787, 11, 'c41f3d66', 'http://e0f34384/c41f3d66.png');
INSERT INTO `ads` VALUES (148, 164161522826, 225992742679, 7, 'c41f3d8a', 'http://e0f343a8/c41f3d8a.png');
INSERT INTO `ads` VALUES (149, 268021202883, 667541136668, 1, 'c41f3dad', 'http://e0f344f8/c41f3dad.png');
INSERT INTO `ads` VALUES (150, 185857522416, 133471385744, 9, 'c41f3dd0', 'http://e0f34547/c41f3dd0.png');
INSERT INTO `ads` VALUES (151, 228324631287, 536567572812, 11, 'c41f3df5', 'http://e0f3456a/c41f3df5.png');
INSERT INTO `ads` VALUES (152, 286598026291, 188965139354, 9, 'c41f3e1b', 'http://e0f3458d/c41f3e1b.png');
INSERT INTO `ads` VALUES (153, 247011514190, 636612125188, 6, 'c41f3e40', 'http://e0f345b2/c41f3e40.png');
INSERT INTO `ads` VALUES (154, 347663647856, 944234185559, 5, 'c41f3e65', 'http://e0f345d6/c41f3e65.png');
INSERT INTO `ads` VALUES (155, 346710651822, 742267877252, 10, 'c41f3e8a', 'http://e0f345fa/c41f3e8a.png');
INSERT INTO `ads` VALUES (156, 396246298238, 819975946729, 5, 'c41f3ead', 'http://e0f34621/c41f3ead.png');
INSERT INTO `ads` VALUES (157, 420039688988, 384559264547, 1, 'c41f3ed0', 'http://e0f34643/c41f3ed0.png');
INSERT INTO `ads` VALUES (158, 384325139806, 921424875215, 11, 'c41f3ef3', 'http://e0f34665/c41f3ef3.png');
INSERT INTO `ads` VALUES (159, 72547758754, 269333722379, 7, 'c41f3f16', 'http://e0f3468a/c41f3f16.png');
INSERT INTO `ads` VALUES (160, 346349289505, 946298398627, 5, 'c41f3f39', 'http://e0f346ad/c41f3f39.png');
INSERT INTO `ads` VALUES (161, 409652438197, 169848671982, 5, 'c41f3f5d', 'http://e0f347ff/c41f3f5d.png');
INSERT INTO `ads` VALUES (162, 167943556276, 924636446339, 1, 'c41f3f80', 'http://e0f34822/c41f3f80.png');
INSERT INTO `ads` VALUES (163, 427644381120, 451336916621, 7, 'c41f3fa4', 'http://e0f34843/c41f3fa4.png');
INSERT INTO `ads` VALUES (164, 4504159106, 488437966274, 4, 'c41f3fc8', 'http://e0f34863/c41f3fc8.png');
INSERT INTO `ads` VALUES (165, 347549273757, 434913679728, 10, 'c41f3fee', 'http://e0f348af/c41f3fee.png');
INSERT INTO `ads` VALUES (166, 322920200961, 135988519556, 3, 'c41f4010', 'http://e0f348d3/c41f4010.png');
INSERT INTO `ads` VALUES (167, 202723609022, 292652796355, 4, 'c41f4033', 'http://e0f348f5/c41f4033.png');
INSERT INTO `ads` VALUES (168, 261891834904, 415435766678, 9, 'c41f4057', 'http://e0f34919/c41f4057.png');
INSERT INTO `ads` VALUES (169, 390938047544, 596482745943, 3, 'c41f407a', 'http://e0f3493e/c41f407a.png');
INSERT INTO `ads` VALUES (170, 285226336806, 769559312132, 8, 'c41f409c', 'http://e0f34962/c41f409c.png');
INSERT INTO `ads` VALUES (171, 355556928216, 491489989774, 11, 'c41f40be', 'http://e0f34986/c41f40be.png');
INSERT INTO `ads` VALUES (172, 335690979487, 223395852742, 2, 'c41f40e2', 'http://e0f34ad7/c41f40e2.png');
INSERT INTO `ads` VALUES (173, 180644795246, 758538314675, 5, 'c41f4106', 'http://e0f34af9/c41f4106.png');
INSERT INTO `ads` VALUES (174, 373249536280, 887919848916, 10, 'c41f4128', 'http://e0f34b19/c41f4128.png');
INSERT INTO `ads` VALUES (175, 344216762341, 976426248766, 6, 'c41f414c', 'http://e0f34b3b/c41f414c.png');
INSERT INTO `ads` VALUES (176, 420357606364, 381491965867, 5, 'c41f4170', 'http://e0f34b5c/c41f4170.png');
INSERT INTO `ads` VALUES (177, 263463954711, 424653138492, 5, 'c41f4193', 'http://e0f34b7d/c41f4193.png');
INSERT INTO `ads` VALUES (178, 273770062200, 689479871969, 1, 'c41f41b6', 'http://e0f34b9d/c41f41b6.png');
INSERT INTO `ads` VALUES (179, 232377547550, 732732819949, 3, 'c41f41db', 'http://e0f34bc0/c41f41db.png');
INSERT INTO `ads` VALUES (180, 26497044222, 364463534652, 2, 'c41f41ff', 'http://e0f34c0b/c41f41ff.png');
INSERT INTO `ads` VALUES (181, 17455439317, 919518176958, 2, 'c41f4223', 'http://e0f34d59/c41f4223.png');
INSERT INTO `ads` VALUES (182, 193586993772, 518289591336, 9, 'c41f43b3', 'http://e0f34d7c/c41f43b3.png');
INSERT INTO `ads` VALUES (183, 186244534635, 849291383798, 6, 'c41f43d5', 'http://e0f34d9c/c41f43d5.png');
INSERT INTO `ads` VALUES (184, 270507409828, 855922491849, 6, 'c41f43f7', 'http://e0f34dbd/c41f43f7.png');
INSERT INTO `ads` VALUES (185, 239035789581, 743226789353, 4, 'c41f441b', 'http://e0f34ddf/c41f441b.png');
INSERT INTO `ads` VALUES (186, 281661799361, 828412174572, 2, 'c41f4440', 'http://e0f34e00/c41f4440.png');
INSERT INTO `ads` VALUES (187, 331034185331, 474563673182, 2, 'c41f4464', 'http://e0f34e20/c41f4464.png');
INSERT INTO `ads` VALUES (188, 324938427639, 769941781756, 11, 'c41f4487', 'http://e0f34e41/c41f4487.png');
INSERT INTO `ads` VALUES (189, 332848028192, 226464827364, 10, 'c41f44ad', 'http://e0f34f58/c41f44ad.png');
INSERT INTO `ads` VALUES (190, 263407994859, 684197819682, 8, 'c41f44d1', 'http://e0f34f79/c41f44d1.png');
INSERT INTO `ads` VALUES (191, 372101303049, 928944826299, 4, 'c41f44f3', 'http://e0f34fde/c41f44f3.png');
INSERT INTO `ads` VALUES (192, 210175869652, 794472584629, 10, 'c41f4516', 'http://e0f35013/c41f4516.png');
INSERT INTO `ads` VALUES (193, 243156255178, 852677347287, 6, 'c41f453a', 'http://e0f35077/c41f453a.png');
INSERT INTO `ads` VALUES (194, 410140430606, 871291844483, 7, 'c41f455d', 'http://e0f350af/c41f455d.png');
INSERT INTO `ads` VALUES (195, 411717799872, 952221686564, 4, 'c41f4580', 'http://e0f350e9/c41f4580.png');
INSERT INTO `ads` VALUES (196, 123479864313, 865656177968, 0, 'c41f45a5', 'http://e0f3524b/c41f45a5.png');
INSERT INTO `ads` VALUES (197, 286333551816, 849712423629, 4, 'c41f45c9', 'http://e0f3527c/c41f45c9.png');
INSERT INTO `ads` VALUES (198, 347150604259, 669356261717, 0, 'c41f45ec', 'http://e0f352ae/c41f45ec.png');
INSERT INTO `ads` VALUES (199, 332152528942, 687594488634, 5, 'c41f460f', 'http://e0f352dc/c41f460f.png');
INSERT INTO `ads` VALUES (200, 323802015200, 184378294978, 9, 'c41f4632', 'http://e0f3533b/c41f4632.png');
INSERT INTO `ads` VALUES (201, 316258964459, 922259326399, 8, 'c41f46db', 'http://e0f35373/c41f46db.png');
INSERT INTO `ads` VALUES (202, 15043611995, 788164664329, 10, 'c41f46ff', 'http://e0f354d7/c41f46ff.png');
INSERT INTO `ads` VALUES (203, 425791743503, 332546361146, 8, 'c41f4724', 'http://e0f35508/c41f4724.png');
INSERT INTO `ads` VALUES (204, 360397649615, 755588761594, 5, 'c41f4747', 'http://e0f35538/c41f4747.png');
INSERT INTO `ads` VALUES (205, 170198011647, 113124297157, 8, 'c41f476b', 'http://e0f3556f/c41f476b.png');
INSERT INTO `ads` VALUES (206, 221192209984, 413164931313, 5, 'c41f4791', 'http://e0f3559f/c41f4791.png');
INSERT INTO `ads` VALUES (207, 346775975252, 954289971951, 7, 'c41f47b6', 'http://e0f356c3/c41f47b6.png');
INSERT INTO `ads` VALUES (208, 166646878819, 166819332697, 2, 'c41f47da', 'http://e0f35729/c41f47da.png');
INSERT INTO `ads` VALUES (209, 8518987813, 684177199417, 6, 'c41f47ff', 'http://e0f3575d/c41f47ff.png');
INSERT INTO `ads` VALUES (210, 337521225943, 774251798476, 7, 'c41f4824', 'http://e0f35792/c41f4824.png');
INSERT INTO `ads` VALUES (211, 239525783305, 147596628822, 4, 'c41f4847', 'http://e0f357c7/c41f4847.png');
INSERT INTO `ads` VALUES (212, 286524685631, 832987458181, 2, 'c41f486a', 'http://e0f35922/c41f486a.png');
INSERT INTO `ads` VALUES (213, 215825229111, 695545421527, 11, 'c41f488d', 'http://e0f35952/c41f488d.png');
INSERT INTO `ads` VALUES (214, 6655332273, 431874992725, 5, 'c41f48b0', 'http://e0f35983/c41f48b0.png');
INSERT INTO `ads` VALUES (215, 53917573923, 727737557693, 11, 'c41f48d4', 'http://e0f359de/c41f48d4.png');
INSERT INTO `ads` VALUES (216, 264646538565, 127517868695, 9, 'c41f48f9', 'http://e0f35b40/c41f48f9.png');
INSERT INTO `ads` VALUES (217, 424638121807, 484685717564, 10, 'c41f491e', 'http://e0f35b71/c41f491e.png');
INSERT INTO `ads` VALUES (218, 319578405127, 996258571421, 3, 'c41f4942', 'http://e0f35ba3/c41f4942.png');
INSERT INTO `ads` VALUES (219, 331723245907, 962762255993, 2, 'c41f4965', 'http://e0f35bd3/c41f4965.png');
INSERT INTO `ads` VALUES (220, 377382527187, 593344644881, 10, 'c41f4989', 'http://e0f35cf7/c41f4989.png');
INSERT INTO `ads` VALUES (221, 258579551447, 415428476792, 2, 'c41f49ac', 'http://e0f35d28/c41f49ac.png');
INSERT INTO `ads` VALUES (222, 360917169868, 382858141124, 6, 'c41f49cf', 'http://e0f35d58/c41f49cf.png');
INSERT INTO `ads` VALUES (223, 416587573526, 734548926697, 5, 'c41f49f3', 'http://e0f35ee9/c41f49f3.png');
INSERT INTO `ads` VALUES (224, 72556195722, 338685388441, 2, 'c41f4a18', 'http://e0f35f1c/c41f4a18.png');
INSERT INTO `ads` VALUES (225, 215536173179, 921825785824, 9, 'c41f4a3d', 'http://e0f35f50/c41f4a3d.png');
INSERT INTO `ads` VALUES (226, 406416306080, 586231931961, 7, 'c41f4bc6', 'http://e0f3607a/c41f4bc6.png');
INSERT INTO `ads` VALUES (227, 385604904728, 898151323299, 10, 'c41f4bea', 'http://e0f360ad/c41f4bea.png');
INSERT INTO `ads` VALUES (228, 242780722948, 528457324569, 4, 'c41f4c0d', 'http://e0f361d4/c41f4c0d.png');
INSERT INTO `ads` VALUES (229, 253649390777, 589156464168, 11, 'c41f4c35', 'http://e0f36207/c41f4c35.png');
INSERT INTO `ads` VALUES (230, 259426245461, 149793866136, 4, 'c41f4c59', 'http://e0f3635c/c41f4c59.png');
INSERT INTO `ads` VALUES (231, 281967155678, 819241812212, 9, 'c41f4c7f', 'http://e0f36393/c41f4c7f.png');
INSERT INTO `ads` VALUES (232, 354534544215, 957185784696, 0, 'c41f4ca3', 'http://e0f364f6/c41f4ca3.png');

-- ----------------------------
-- Table structure for ads_platform
-- ----------------------------
DROP TABLE IF EXISTS `ads_platform`;
CREATE TABLE `ads_platform`  (
  `id` bigint(20) NOT NULL,
  `ad_id` bigint(20) NULL DEFAULT NULL,
  `platform_id` bigint(20) NULL DEFAULT NULL,
  `create_time` datetime(0) NULL DEFAULT NULL,
  `cancel_time` datetime(0) NULL DEFAULT NULL,
  PRIMARY KEY (`id`) USING BTREE
) ENGINE = InnoDB CHARACTER SET = utf8 COLLATE = utf8_general_ci ROW_FORMAT = DYNAMIC;

-- ----------------------------
-- Records of ads_platform
-- ----------------------------
INSERT INTO `ads_platform` VALUES (1, 0, 3, NULL, NULL);
INSERT INTO `ads_platform` VALUES (2, 0, 2, NULL, NULL);
INSERT INTO `ads_platform` VALUES (3, 1, 3, NULL, NULL);
INSERT INTO `ads_platform` VALUES (4, 1, 1, NULL, NULL);
INSERT INTO `ads_platform` VALUES (5, 2, 3, NULL, NULL);
INSERT INTO `ads_platform` VALUES (6, 2, 2, NULL, NULL);
INSERT INTO `ads_platform` VALUES (7, 3, 1, NULL, NULL);
INSERT INTO `ads_platform` VALUES (8, 4, 2, NULL, NULL);
INSERT INTO `ads_platform` VALUES (9, 5, 3, NULL, NULL);
INSERT INTO `ads_platform` VALUES (10, 5, 2, NULL, NULL);
INSERT INTO `ads_platform` VALUES (11, 6, 3, NULL, NULL);
INSERT INTO `ads_platform` VALUES (12, 6, 2, NULL, NULL);
INSERT INTO `ads_platform` VALUES (13, 7, 2, NULL, NULL);
INSERT INTO `ads_platform` VALUES (14, 8, 1, NULL, NULL);
INSERT INTO `ads_platform` VALUES (15, 8, 3, NULL, NULL);
INSERT INTO `ads_platform` VALUES (16, 9, 1, NULL, NULL);
INSERT INTO `ads_platform` VALUES (17, 10, 2, NULL, NULL);
INSERT INTO `ads_platform` VALUES (18, 11, 3, NULL, NULL);
INSERT INTO `ads_platform` VALUES (19, 11, 1, NULL, NULL);
INSERT INTO `ads_platform` VALUES (20, 12, 3, NULL, NULL);
INSERT INTO `ads_platform` VALUES (21, 13, 2, NULL, NULL);
INSERT INTO `ads_platform` VALUES (22, 14, 1, NULL, NULL);
INSERT INTO `ads_platform` VALUES (23, 14, 2, NULL, NULL);
INSERT INTO `ads_platform` VALUES (24, 15, 2, NULL, NULL);
INSERT INTO `ads_platform` VALUES (25, 15, 1, NULL, NULL);
INSERT INTO `ads_platform` VALUES (26, 16, 2, NULL, NULL);
INSERT INTO `ads_platform` VALUES (27, 16, 3, NULL, NULL);
INSERT INTO `ads_platform` VALUES (28, 17, 1, NULL, NULL);
INSERT INTO `ads_platform` VALUES (29, 17, 2, NULL, NULL);
INSERT INTO `ads_platform` VALUES (30, 18, 2, NULL, NULL);
INSERT INTO `ads_platform` VALUES (31, 18, 3, NULL, NULL);
INSERT INTO `ads_platform` VALUES (32, 19, 2, NULL, NULL);
INSERT INTO `ads_platform` VALUES (33, 20, 3, NULL, NULL);
INSERT INTO `ads_platform` VALUES (34, 20, 1, NULL, NULL);
INSERT INTO `ads_platform` VALUES (35, 21, 2, NULL, NULL);
INSERT INTO `ads_platform` VALUES (36, 22, 1, NULL, NULL);
INSERT INTO `ads_platform` VALUES (37, 23, 1, NULL, NULL);
INSERT INTO `ads_platform` VALUES (38, 23, 2, NULL, NULL);
INSERT INTO `ads_platform` VALUES (39, 24, 2, NULL, NULL);
INSERT INTO `ads_platform` VALUES (40, 24, 3, NULL, NULL);
INSERT INTO `ads_platform` VALUES (41, 25, 1, NULL, NULL);
INSERT INTO `ads_platform` VALUES (42, 25, 3, NULL, NULL);
INSERT INTO `ads_platform` VALUES (43, 26, 1, NULL, NULL);
INSERT INTO `ads_platform` VALUES (44, 27, 2, NULL, NULL);
INSERT INTO `ads_platform` VALUES (45, 28, 1, NULL, NULL);
INSERT INTO `ads_platform` VALUES (46, 28, 3, NULL, NULL);
INSERT INTO `ads_platform` VALUES (47, 29, 3, NULL, NULL);
INSERT INTO `ads_platform` VALUES (48, 30, 3, NULL, NULL);
INSERT INTO `ads_platform` VALUES (49, 30, 1, NULL, NULL);
INSERT INTO `ads_platform` VALUES (50, 31, 2, NULL, NULL);
INSERT INTO `ads_platform` VALUES (51, 31, 1, NULL, NULL);
INSERT INTO `ads_platform` VALUES (52, 32, 2, NULL, NULL);
INSERT INTO `ads_platform` VALUES (53, 33, 3, NULL, NULL);
INSERT INTO `ads_platform` VALUES (54, 34, 1, NULL, NULL);
INSERT INTO `ads_platform` VALUES (55, 35, 3, NULL, NULL);
INSERT INTO `ads_platform` VALUES (56, 36, 3, NULL, NULL);
INSERT INTO `ads_platform` VALUES (57, 37, 2, NULL, NULL);
INSERT INTO `ads_platform` VALUES (58, 38, 1, NULL, NULL);
INSERT INTO `ads_platform` VALUES (59, 38, 3, NULL, NULL);
INSERT INTO `ads_platform` VALUES (60, 39, 1, NULL, NULL);
INSERT INTO `ads_platform` VALUES (61, 40, 1, NULL, NULL);
INSERT INTO `ads_platform` VALUES (62, 41, 3, NULL, NULL);
INSERT INTO `ads_platform` VALUES (63, 42, 3, NULL, NULL);
INSERT INTO `ads_platform` VALUES (64, 43, 1, NULL, NULL);
INSERT INTO `ads_platform` VALUES (65, 43, 3, NULL, NULL);
INSERT INTO `ads_platform` VALUES (66, 44, 1, NULL, NULL);
INSERT INTO `ads_platform` VALUES (67, 44, 3, NULL, NULL);
INSERT INTO `ads_platform` VALUES (68, 45, 2, NULL, NULL);
INSERT INTO `ads_platform` VALUES (69, 46, 3, NULL, NULL);
INSERT INTO `ads_platform` VALUES (70, 46, 2, NULL, NULL);
INSERT INTO `ads_platform` VALUES (71, 47, 3, NULL, NULL);
INSERT INTO `ads_platform` VALUES (72, 47, 1, NULL, NULL);
INSERT INTO `ads_platform` VALUES (73, 48, 1, NULL, NULL);
INSERT INTO `ads_platform` VALUES (74, 48, 3, NULL, NULL);
INSERT INTO `ads_platform` VALUES (75, 49, 3, NULL, NULL);
INSERT INTO `ads_platform` VALUES (76, 49, 2, NULL, NULL);
INSERT INTO `ads_platform` VALUES (77, 50, 1, NULL, NULL);
INSERT INTO `ads_platform` VALUES (78, 50, 3, NULL, NULL);
INSERT INTO `ads_platform` VALUES (79, 51, 2, NULL, NULL);
INSERT INTO `ads_platform` VALUES (80, 51, 1, NULL, NULL);
INSERT INTO `ads_platform` VALUES (81, 52, 3, NULL, NULL);
INSERT INTO `ads_platform` VALUES (82, 52, 1, NULL, NULL);
INSERT INTO `ads_platform` VALUES (83, 53, 1, NULL, NULL);
INSERT INTO `ads_platform` VALUES (84, 53, 2, NULL, NULL);
INSERT INTO `ads_platform` VALUES (85, 54, 3, NULL, NULL);
INSERT INTO `ads_platform` VALUES (86, 54, 2, NULL, NULL);
INSERT INTO `ads_platform` VALUES (87, 55, 1, NULL, NULL);
INSERT INTO `ads_platform` VALUES (88, 56, 2, NULL, NULL);
INSERT INTO `ads_platform` VALUES (89, 56, 3, NULL, NULL);
INSERT INTO `ads_platform` VALUES (90, 57, 2, NULL, NULL);
INSERT INTO `ads_platform` VALUES (91, 57, 1, NULL, NULL);
INSERT INTO `ads_platform` VALUES (92, 58, 1, NULL, NULL);
INSERT INTO `ads_platform` VALUES (93, 59, 2, NULL, NULL);
INSERT INTO `ads_platform` VALUES (94, 59, 1, NULL, NULL);
INSERT INTO `ads_platform` VALUES (95, 60, 2, NULL, NULL);
INSERT INTO `ads_platform` VALUES (96, 60, 1, NULL, NULL);
INSERT INTO `ads_platform` VALUES (97, 61, 2, NULL, NULL);
INSERT INTO `ads_platform` VALUES (98, 61, 3, NULL, NULL);
INSERT INTO `ads_platform` VALUES (99, 62, 2, NULL, NULL);
INSERT INTO `ads_platform` VALUES (100, 63, 3, NULL, NULL);
INSERT INTO `ads_platform` VALUES (101, 63, 2, NULL, NULL);
INSERT INTO `ads_platform` VALUES (102, 64, 1, NULL, NULL);
INSERT INTO `ads_platform` VALUES (103, 65, 1, NULL, NULL);
INSERT INTO `ads_platform` VALUES (104, 66, 2, NULL, NULL);
INSERT INTO `ads_platform` VALUES (105, 66, 3, NULL, NULL);
INSERT INTO `ads_platform` VALUES (106, 67, 3, NULL, NULL);
INSERT INTO `ads_platform` VALUES (107, 67, 1, NULL, NULL);
INSERT INTO `ads_platform` VALUES (108, 68, 1, NULL, NULL);
INSERT INTO `ads_platform` VALUES (109, 69, 3, NULL, NULL);
INSERT INTO `ads_platform` VALUES (110, 70, 3, NULL, NULL);
INSERT INTO `ads_platform` VALUES (111, 71, 2, NULL, NULL);
INSERT INTO `ads_platform` VALUES (112, 71, 3, NULL, NULL);
INSERT INTO `ads_platform` VALUES (113, 72, 1, NULL, NULL);
INSERT INTO `ads_platform` VALUES (114, 72, 2, NULL, NULL);
INSERT INTO `ads_platform` VALUES (115, 73, 2, NULL, NULL);
INSERT INTO `ads_platform` VALUES (116, 73, 1, NULL, NULL);
INSERT INTO `ads_platform` VALUES (117, 74, 1, NULL, NULL);
INSERT INTO `ads_platform` VALUES (118, 75, 2, NULL, NULL);
INSERT INTO `ads_platform` VALUES (119, 76, 3, NULL, NULL);
INSERT INTO `ads_platform` VALUES (120, 76, 2, NULL, NULL);
INSERT INTO `ads_platform` VALUES (121, 77, 2, NULL, NULL);
INSERT INTO `ads_platform` VALUES (122, 77, 3, NULL, NULL);
INSERT INTO `ads_platform` VALUES (123, 78, 3, NULL, NULL);
INSERT INTO `ads_platform` VALUES (124, 79, 3, NULL, NULL);
INSERT INTO `ads_platform` VALUES (125, 80, 1, NULL, NULL);
INSERT INTO `ads_platform` VALUES (126, 80, 2, NULL, NULL);
INSERT INTO `ads_platform` VALUES (127, 81, 2, NULL, NULL);
INSERT INTO `ads_platform` VALUES (128, 82, 2, NULL, NULL);
INSERT INTO `ads_platform` VALUES (129, 83, 3, NULL, NULL);
INSERT INTO `ads_platform` VALUES (130, 84, 1, NULL, NULL);
INSERT INTO `ads_platform` VALUES (131, 84, 3, NULL, NULL);
INSERT INTO `ads_platform` VALUES (132, 85, 1, NULL, NULL);
INSERT INTO `ads_platform` VALUES (133, 86, 3, NULL, NULL);
INSERT INTO `ads_platform` VALUES (134, 87, 3, NULL, NULL);
INSERT INTO `ads_platform` VALUES (135, 87, 1, NULL, NULL);
INSERT INTO `ads_platform` VALUES (136, 88, 3, NULL, NULL);
INSERT INTO `ads_platform` VALUES (137, 89, 1, NULL, NULL);
INSERT INTO `ads_platform` VALUES (138, 89, 2, NULL, NULL);
INSERT INTO `ads_platform` VALUES (139, 90, 3, NULL, NULL);
INSERT INTO `ads_platform` VALUES (140, 91, 3, NULL, NULL);
INSERT INTO `ads_platform` VALUES (141, 92, 3, NULL, NULL);
INSERT INTO `ads_platform` VALUES (142, 93, 1, NULL, NULL);
INSERT INTO `ads_platform` VALUES (143, 94, 2, NULL, NULL);
INSERT INTO `ads_platform` VALUES (144, 95, 3, NULL, NULL);
INSERT INTO `ads_platform` VALUES (145, 95, 2, NULL, NULL);
INSERT INTO `ads_platform` VALUES (146, 96, 3, NULL, NULL);
INSERT INTO `ads_platform` VALUES (147, 96, 2, NULL, NULL);
INSERT INTO `ads_platform` VALUES (148, 97, 1, NULL, NULL);
INSERT INTO `ads_platform` VALUES (149, 98, 3, NULL, NULL);
INSERT INTO `ads_platform` VALUES (150, 98, 2, NULL, NULL);
INSERT INTO `ads_platform` VALUES (151, 99, 2, NULL, NULL);
INSERT INTO `ads_platform` VALUES (152, 99, 1, NULL, NULL);
INSERT INTO `ads_platform` VALUES (153, 100, 3, NULL, NULL);
INSERT INTO `ads_platform` VALUES (154, 100, 1, NULL, NULL);
INSERT INTO `ads_platform` VALUES (155, 101, 3, NULL, NULL);
INSERT INTO `ads_platform` VALUES (156, 101, 2, NULL, NULL);
INSERT INTO `ads_platform` VALUES (157, 102, 2, NULL, NULL);
INSERT INTO `ads_platform` VALUES (158, 103, 2, NULL, NULL);
INSERT INTO `ads_platform` VALUES (159, 103, 3, NULL, NULL);
INSERT INTO `ads_platform` VALUES (160, 104, 1, NULL, NULL);
INSERT INTO `ads_platform` VALUES (161, 105, 1, NULL, NULL);
INSERT INTO `ads_platform` VALUES (162, 106, 1, NULL, NULL);
INSERT INTO `ads_platform` VALUES (163, 106, 2, NULL, NULL);
INSERT INTO `ads_platform` VALUES (164, 107, 3, NULL, NULL);
INSERT INTO `ads_platform` VALUES (165, 108, 1, NULL, NULL);
INSERT INTO `ads_platform` VALUES (166, 109, 1, NULL, NULL);
INSERT INTO `ads_platform` VALUES (167, 109, 3, NULL, NULL);
INSERT INTO `ads_platform` VALUES (168, 110, 1, NULL, NULL);
INSERT INTO `ads_platform` VALUES (169, 111, 1, NULL, NULL);
INSERT INTO `ads_platform` VALUES (170, 112, 3, NULL, NULL);
INSERT INTO `ads_platform` VALUES (171, 113, 3, NULL, NULL);
INSERT INTO `ads_platform` VALUES (172, 114, 1, NULL, NULL);
INSERT INTO `ads_platform` VALUES (173, 115, 1, NULL, NULL);
INSERT INTO `ads_platform` VALUES (174, 116, 2, NULL, NULL);
INSERT INTO `ads_platform` VALUES (175, 117, 1, NULL, NULL);
INSERT INTO `ads_platform` VALUES (176, 118, 2, NULL, NULL);
INSERT INTO `ads_platform` VALUES (177, 118, 3, NULL, NULL);
INSERT INTO `ads_platform` VALUES (178, 119, 3, NULL, NULL);
INSERT INTO `ads_platform` VALUES (179, 120, 1, NULL, NULL);
INSERT INTO `ads_platform` VALUES (180, 120, 3, NULL, NULL);
INSERT INTO `ads_platform` VALUES (181, 121, 2, NULL, NULL);
INSERT INTO `ads_platform` VALUES (182, 121, 3, NULL, NULL);
INSERT INTO `ads_platform` VALUES (183, 122, 2, NULL, NULL);
INSERT INTO `ads_platform` VALUES (184, 123, 3, NULL, NULL);
INSERT INTO `ads_platform` VALUES (185, 123, 2, NULL, NULL);
INSERT INTO `ads_platform` VALUES (186, 124, 3, NULL, NULL);
INSERT INTO `ads_platform` VALUES (187, 124, 1, NULL, NULL);
INSERT INTO `ads_platform` VALUES (188, 125, 1, NULL, NULL);
INSERT INTO `ads_platform` VALUES (189, 126, 3, NULL, NULL);
INSERT INTO `ads_platform` VALUES (190, 126, 2, NULL, NULL);
INSERT INTO `ads_platform` VALUES (191, 127, 3, NULL, NULL);
INSERT INTO `ads_platform` VALUES (192, 127, 2, NULL, NULL);
INSERT INTO `ads_platform` VALUES (193, 128, 2, NULL, NULL);
INSERT INTO `ads_platform` VALUES (194, 129, 1, NULL, NULL);
INSERT INTO `ads_platform` VALUES (195, 129, 2, NULL, NULL);
INSERT INTO `ads_platform` VALUES (196, 130, 1, NULL, NULL);
INSERT INTO `ads_platform` VALUES (197, 131, 3, NULL, NULL);
INSERT INTO `ads_platform` VALUES (198, 132, 1, NULL, NULL);
INSERT INTO `ads_platform` VALUES (199, 133, 2, NULL, NULL);
INSERT INTO `ads_platform` VALUES (200, 134, 2, NULL, NULL);
INSERT INTO `ads_platform` VALUES (201, 135, 2, NULL, NULL);
INSERT INTO `ads_platform` VALUES (202, 135, 1, NULL, NULL);
INSERT INTO `ads_platform` VALUES (203, 136, 1, NULL, NULL);
INSERT INTO `ads_platform` VALUES (204, 136, 3, NULL, NULL);
INSERT INTO `ads_platform` VALUES (205, 137, 3, NULL, NULL);
INSERT INTO `ads_platform` VALUES (206, 138, 1, NULL, NULL);
INSERT INTO `ads_platform` VALUES (207, 138, 2, NULL, NULL);
INSERT INTO `ads_platform` VALUES (208, 139, 2, NULL, NULL);
INSERT INTO `ads_platform` VALUES (209, 140, 1, NULL, NULL);
INSERT INTO `ads_platform` VALUES (210, 140, 2, NULL, NULL);
INSERT INTO `ads_platform` VALUES (211, 141, 2, NULL, NULL);
INSERT INTO `ads_platform` VALUES (212, 142, 1, NULL, NULL);
INSERT INTO `ads_platform` VALUES (213, 142, 3, NULL, NULL);
INSERT INTO `ads_platform` VALUES (214, 143, 1, NULL, NULL);
INSERT INTO `ads_platform` VALUES (215, 144, 1, NULL, NULL);
INSERT INTO `ads_platform` VALUES (216, 145, 2, NULL, NULL);
INSERT INTO `ads_platform` VALUES (217, 145, 1, NULL, NULL);
INSERT INTO `ads_platform` VALUES (218, 146, 3, NULL, NULL);
INSERT INTO `ads_platform` VALUES (219, 146, 1, NULL, NULL);
INSERT INTO `ads_platform` VALUES (220, 147, 2, NULL, NULL);
INSERT INTO `ads_platform` VALUES (221, 147, 1, NULL, NULL);
INSERT INTO `ads_platform` VALUES (222, 148, 2, NULL, NULL);
INSERT INTO `ads_platform` VALUES (223, 149, 3, NULL, NULL);
INSERT INTO `ads_platform` VALUES (224, 150, 1, NULL, NULL);
INSERT INTO `ads_platform` VALUES (225, 151, 3, NULL, NULL);
INSERT INTO `ads_platform` VALUES (226, 152, 3, NULL, NULL);
INSERT INTO `ads_platform` VALUES (227, 152, 2, NULL, NULL);
INSERT INTO `ads_platform` VALUES (228, 153, 2, NULL, NULL);
INSERT INTO `ads_platform` VALUES (229, 154, 2, NULL, NULL);
INSERT INTO `ads_platform` VALUES (230, 154, 3, NULL, NULL);
INSERT INTO `ads_platform` VALUES (231, 155, 3, NULL, NULL);
INSERT INTO `ads_platform` VALUES (232, 155, 2, NULL, NULL);
INSERT INTO `ads_platform` VALUES (233, 156, 2, NULL, NULL);
INSERT INTO `ads_platform` VALUES (234, 156, 3, NULL, NULL);
INSERT INTO `ads_platform` VALUES (235, 157, 2, NULL, NULL);
INSERT INTO `ads_platform` VALUES (236, 157, 1, NULL, NULL);
INSERT INTO `ads_platform` VALUES (237, 158, 2, NULL, NULL);
INSERT INTO `ads_platform` VALUES (238, 158, 3, NULL, NULL);
INSERT INTO `ads_platform` VALUES (239, 159, 2, NULL, NULL);
INSERT INTO `ads_platform` VALUES (240, 159, 3, NULL, NULL);
INSERT INTO `ads_platform` VALUES (241, 160, 3, NULL, NULL);
INSERT INTO `ads_platform` VALUES (242, 161, 1, NULL, NULL);
INSERT INTO `ads_platform` VALUES (243, 161, 2, NULL, NULL);
INSERT INTO `ads_platform` VALUES (244, 162, 3, NULL, NULL);
INSERT INTO `ads_platform` VALUES (245, 162, 1, NULL, NULL);
INSERT INTO `ads_platform` VALUES (246, 163, 1, NULL, NULL);
INSERT INTO `ads_platform` VALUES (247, 164, 1, NULL, NULL);
INSERT INTO `ads_platform` VALUES (248, 165, 2, NULL, NULL);
INSERT INTO `ads_platform` VALUES (249, 165, 3, NULL, NULL);
INSERT INTO `ads_platform` VALUES (250, 166, 3, NULL, NULL);
INSERT INTO `ads_platform` VALUES (251, 166, 2, NULL, NULL);
INSERT INTO `ads_platform` VALUES (252, 167, 2, NULL, NULL);
INSERT INTO `ads_platform` VALUES (253, 168, 3, NULL, NULL);
INSERT INTO `ads_platform` VALUES (254, 169, 1, NULL, NULL);
INSERT INTO `ads_platform` VALUES (255, 170, 1, NULL, NULL);
INSERT INTO `ads_platform` VALUES (256, 171, 2, NULL, NULL);
INSERT INTO `ads_platform` VALUES (257, 171, 3, NULL, NULL);
INSERT INTO `ads_platform` VALUES (258, 172, 1, NULL, NULL);
INSERT INTO `ads_platform` VALUES (259, 173, 1, NULL, NULL);
INSERT INTO `ads_platform` VALUES (260, 173, 3, NULL, NULL);
INSERT INTO `ads_platform` VALUES (261, 174, 1, NULL, NULL);
INSERT INTO `ads_platform` VALUES (262, 174, 2, NULL, NULL);
INSERT INTO `ads_platform` VALUES (263, 175, 1, NULL, NULL);
INSERT INTO `ads_platform` VALUES (264, 176, 2, NULL, NULL);
INSERT INTO `ads_platform` VALUES (265, 177, 2, NULL, NULL);
INSERT INTO `ads_platform` VALUES (266, 177, 3, NULL, NULL);
INSERT INTO `ads_platform` VALUES (267, 178, 2, NULL, NULL);
INSERT INTO `ads_platform` VALUES (268, 178, 3, NULL, NULL);
INSERT INTO `ads_platform` VALUES (269, 179, 1, NULL, NULL);
INSERT INTO `ads_platform` VALUES (270, 180, 3, NULL, NULL);
INSERT INTO `ads_platform` VALUES (271, 181, 2, NULL, NULL);
INSERT INTO `ads_platform` VALUES (272, 182, 3, NULL, NULL);
INSERT INTO `ads_platform` VALUES (273, 182, 1, NULL, NULL);
INSERT INTO `ads_platform` VALUES (274, 183, 3, NULL, NULL);
INSERT INTO `ads_platform` VALUES (275, 184, 2, NULL, NULL);
INSERT INTO `ads_platform` VALUES (276, 184, 3, NULL, NULL);
INSERT INTO `ads_platform` VALUES (277, 185, 3, NULL, NULL);
INSERT INTO `ads_platform` VALUES (278, 186, 2, NULL, NULL);
INSERT INTO `ads_platform` VALUES (279, 187, 3, NULL, NULL);
INSERT INTO `ads_platform` VALUES (280, 188, 1, NULL, NULL);
INSERT INTO `ads_platform` VALUES (281, 188, 3, NULL, NULL);
INSERT INTO `ads_platform` VALUES (282, 189, 3, NULL, NULL);
INSERT INTO `ads_platform` VALUES (283, 189, 2, NULL, NULL);
INSERT INTO `ads_platform` VALUES (284, 190, 1, NULL, NULL);
INSERT INTO `ads_platform` VALUES (285, 191, 1, NULL, NULL);
INSERT INTO `ads_platform` VALUES (286, 192, 3, NULL, NULL);
INSERT INTO `ads_platform` VALUES (287, 193, 2, NULL, NULL);
INSERT INTO `ads_platform` VALUES (288, 194, 1, NULL, NULL);
INSERT INTO `ads_platform` VALUES (289, 194, 3, NULL, NULL);
INSERT INTO `ads_platform` VALUES (290, 195, 1, NULL, NULL);
INSERT INTO `ads_platform` VALUES (291, 196, 3, NULL, NULL);
INSERT INTO `ads_platform` VALUES (292, 197, 3, NULL, NULL);
INSERT INTO `ads_platform` VALUES (293, 197, 1, NULL, NULL);
INSERT INTO `ads_platform` VALUES (294, 198, 2, NULL, NULL);
INSERT INTO `ads_platform` VALUES (295, 198, 1, NULL, NULL);
INSERT INTO `ads_platform` VALUES (296, 199, 3, NULL, NULL);
INSERT INTO `ads_platform` VALUES (297, 200, 1, NULL, NULL);
INSERT INTO `ads_platform` VALUES (298, 201, 1, NULL, NULL);
INSERT INTO `ads_platform` VALUES (299, 201, 3, NULL, NULL);
INSERT INTO `ads_platform` VALUES (300, 202, 3, NULL, NULL);
INSERT INTO `ads_platform` VALUES (301, 202, 2, NULL, NULL);
INSERT INTO `ads_platform` VALUES (302, 203, 3, NULL, NULL);
INSERT INTO `ads_platform` VALUES (303, 204, 3, NULL, NULL);
INSERT INTO `ads_platform` VALUES (304, 204, 2, NULL, NULL);
INSERT INTO `ads_platform` VALUES (305, 205, 3, NULL, NULL);
INSERT INTO `ads_platform` VALUES (306, 205, 2, NULL, NULL);
INSERT INTO `ads_platform` VALUES (307, 206, 1, NULL, NULL);
INSERT INTO `ads_platform` VALUES (308, 207, 2, NULL, NULL);
INSERT INTO `ads_platform` VALUES (309, 207, 3, NULL, NULL);
INSERT INTO `ads_platform` VALUES (310, 208, 3, NULL, NULL);
INSERT INTO `ads_platform` VALUES (311, 209, 3, NULL, NULL);
INSERT INTO `ads_platform` VALUES (312, 209, 2, NULL, NULL);
INSERT INTO `ads_platform` VALUES (313, 210, 2, NULL, NULL);
INSERT INTO `ads_platform` VALUES (314, 210, 3, NULL, NULL);
INSERT INTO `ads_platform` VALUES (315, 211, 1, NULL, NULL);
INSERT INTO `ads_platform` VALUES (316, 211, 2, NULL, NULL);
INSERT INTO `ads_platform` VALUES (317, 212, 3, NULL, NULL);
INSERT INTO `ads_platform` VALUES (318, 213, 2, NULL, NULL);
INSERT INTO `ads_platform` VALUES (319, 214, 1, NULL, NULL);
INSERT INTO `ads_platform` VALUES (320, 215, 3, NULL, NULL);
INSERT INTO `ads_platform` VALUES (321, 216, 3, NULL, NULL);
INSERT INTO `ads_platform` VALUES (322, 217, 3, NULL, NULL);
INSERT INTO `ads_platform` VALUES (323, 218, 2, NULL, NULL);
INSERT INTO `ads_platform` VALUES (324, 218, 3, NULL, NULL);
INSERT INTO `ads_platform` VALUES (325, 219, 2, NULL, NULL);
INSERT INTO `ads_platform` VALUES (326, 219, 3, NULL, NULL);
INSERT INTO `ads_platform` VALUES (327, 220, 1, NULL, NULL);
INSERT INTO `ads_platform` VALUES (328, 220, 3, NULL, NULL);
INSERT INTO `ads_platform` VALUES (329, 221, 3, NULL, NULL);
INSERT INTO `ads_platform` VALUES (330, 221, 1, NULL, NULL);
INSERT INTO `ads_platform` VALUES (331, 222, 2, NULL, NULL);
INSERT INTO `ads_platform` VALUES (332, 223, 3, NULL, NULL);
INSERT INTO `ads_platform` VALUES (333, 224, 1, NULL, NULL);
INSERT INTO `ads_platform` VALUES (334, 224, 2, NULL, NULL);
INSERT INTO `ads_platform` VALUES (335, 225, 1, NULL, NULL);
INSERT INTO `ads_platform` VALUES (336, 225, 2, NULL, NULL);
INSERT INTO `ads_platform` VALUES (337, 226, 1, NULL, NULL);
INSERT INTO `ads_platform` VALUES (338, 226, 2, NULL, NULL);
INSERT INTO `ads_platform` VALUES (339, 227, 2, NULL, NULL);
INSERT INTO `ads_platform` VALUES (340, 227, 3, NULL, NULL);
INSERT INTO `ads_platform` VALUES (341, 228, 3, NULL, NULL);
INSERT INTO `ads_platform` VALUES (342, 229, 1, NULL, NULL);
INSERT INTO `ads_platform` VALUES (343, 230, 2, NULL, NULL);
INSERT INTO `ads_platform` VALUES (344, 231, 3, NULL, NULL);
INSERT INTO `ads_platform` VALUES (345, 232, 1, NULL, NULL);
INSERT INTO `ads_platform` VALUES (346, 232, 2, NULL, NULL);

-- ----------------------------
-- Table structure for platform_info
-- ----------------------------
DROP TABLE IF EXISTS `platform_info`;
CREATE TABLE `platform_info`  (
  `id` varchar(255) CHARACTER SET utf8 COLLATE utf8_general_ci NULL DEFAULT NULL,
  `platform` varchar(255) CHARACTER SET utf8 COLLATE utf8_general_ci NULL DEFAULT NULL,
  `platform_alias_zh` varchar(255) CHARACTER SET utf8 COLLATE utf8_general_ci NULL DEFAULT NULL
) ENGINE = InnoDB CHARACTER SET = utf8 COLLATE = utf8_general_ci ROW_FORMAT = DYNAMIC;

-- ----------------------------
-- Records of platform_info
-- ----------------------------
INSERT INTO `platform_info` VALUES ('1', 'tencent', '腾讯广告');
INSERT INTO `platform_info` VALUES ('2', 'baidu', '百度推广');
INSERT INTO `platform_info` VALUES ('3', 'juliang', '巨量');

-- ----------------------------
-- Table structure for product
-- ----------------------------
DROP TABLE IF EXISTS `product`;
CREATE TABLE `product`  (
  `id` bigint(20) NOT NULL,
  `name` varchar(255) CHARACTER SET utf8 COLLATE utf8_general_ci NULL DEFAULT NULL,
  `price` double NULL DEFAULT NULL,
  PRIMARY KEY (`id`) USING BTREE
) ENGINE = InnoDB CHARACTER SET = utf8 COLLATE = utf8_general_ci ROW_FORMAT = DYNAMIC;

-- ----------------------------
-- Records of product
-- ----------------------------
INSERT INTO `product` VALUES (659417, '【精选】葡萄柚台湾葡萄蜜柚皮薄平和甜蜜柚当季新鲜水果批发包邮', 9.9);
INSERT INTO `product` VALUES (1214894, '【精品】正宗赣南脐橙新鲜橙子江西甜橙孕妇水果冰糖果冻香橙包邮', 14.8);
INSERT INTO `product` VALUES (5307635, '特辣朝天椒小米椒微辣中辣干辣椒超辣特香散装干货500克', 17.5);
INSERT INTO `product` VALUES (7005340, '【产地直发】特辣小米椒印度椒魔鬼椒朝天椒辣椒段辣椒粉红辣椒干', 5.8);
INSERT INTO `product` VALUES (15290763, '辣椒面辣椒粉特辣超辣粗细粉小米辣油泼辣子烧烤调料撒料蘸料500g', 12.5);
INSERT INTO `product` VALUES (76162862, '秋冬季棉拖鞋包跟厚底情侣家居防滑保暖居家男女月子鞋毛毛拖鞋男', 9.9);
INSERT INTO `product` VALUES (97386343, '【5斤】二荆条批发微辣四川干辣椒不辣皱皮线椒秦椒贵州1斤辣椒干', 16.86);
INSERT INTO `product` VALUES (133706072, '买一送一韩版棉拖鞋女可爱居家居情侣男加厚底毛拖鞋防滑冬月子鞋', 8.99);
INSERT INTO `product` VALUES (207590108, '灯笼辣椒灯笼椒草莓椒微辣中辣特香特辣干圆辣椒红辣椒柿子椒', 9.4);
INSERT INTO `product` VALUES (382389692, '特辣小米椒朝天椒印度魔鬼辣辣椒段批发辣椒粉超辣干辣椒面红辣椒', 15.83);
INSERT INTO `product` VALUES (382393224, '青麻椒粒 正宗四川青花椒批发藤椒特麻麻椒花椒面麻椒粉青麻椒粒', 12.5);
INSERT INTO `product` VALUES (429460017, '优妮护发素免蒸发膜倒模正品修复染烫受损改善干枯毛躁补水柔顺滑', 29.9);
INSERT INTO `product` VALUES (430066234, '优妮精油洗发水乳正品去屑止痒柔顺控油修护套装润养头皮蓬松防脱', 31.9);
INSERT INTO `product` VALUES (438912737, '优妮马油生姜洗发水护发素沐浴露家庭套装正品控油蓬松防脱柔顺滑', 129);
INSERT INTO `product` VALUES (439274582, '优妮沐浴乳马油水漾沁爽沐浴露男女士通用持久留香补水保湿家庭装', 49.9);
INSERT INTO `product` VALUES (439315288, '优妮护发素正品马油补水飘逸免蒸发膜烫染受损修护保湿补水倒膜膏', 49.9);
INSERT INTO `product` VALUES (461643221, '中老年冬装羽绒棉服女中长款洋气大码加厚外套50岁妈妈加厚棉衣潮', 218);
INSERT INTO `product` VALUES (641780822, '新货花椒 花椒粒特麻麻椒花椒粉八角桂皮草果肉蔻香叶白蔻丁香', 9.5);
INSERT INTO `product` VALUES (683893889, '白芷片500g白芷片香料调料八角桂皮香叶小茴香良姜100克~2500克', 5.5);
INSERT INTO `product` VALUES (683919176, '香砂仁沙仁香料调料大全花椒八角桂皮批发白芷良姜香叶小茴香', 5.56);
INSERT INTO `product` VALUES (735365767, '便携式榨汁机家用小型全自动果蔬机多功能学生果汁机女神杯果汁杯', 79);
INSERT INTO `product` VALUES (877301258, '正宗白胡椒粒白胡椒粉批发研磨器瓶调料瓶海南黑胡椒碎颗粒包邮', 4.8);
INSERT INTO `product` VALUES (920858747, '秋冬季弹力微喇叭裤女垂感高腰阔腿西装加绒直筒长裤黑色休闲裤子', 49);
INSERT INTO `product` VALUES (1552077498, '黑色弹力微喇叭裤女矮个子秋冬季加绒阔腿女九分裤蕾丝开叉休闲裤', 49);
INSERT INTO `product` VALUES (2002451453, '春秋新款微喇裤子女学生韩版黑色显高显瘦女休闲运动裤九分微喇叭', 49);
INSERT INTO `product` VALUES (2656108663, '75%酒精乙醇消毒液家居皮肤消毒75度医用酒精美甲消毒工具专用', 5.9);
INSERT INTO `product` VALUES (2848799491, '西装裤女高腰弹力黑色显瘦微喇叭裤阔腿直筒秋季加绒职业工装长裤', 59);
INSERT INTO `product` VALUES (2874526167, '【领券下单】福建红心蜜柚红柚子平和红肉三红蜜柚新鲜水果包邮', 18.9);
INSERT INTO `product` VALUES (2996643390, '买一送一棉拖鞋秋冬女厚底可爱室内居家居情侣棉鞋防滑月子毛拖鞋', 13.9);
INSERT INTO `product` VALUES (3018120040, '冬季鞋子男鞋真皮高帮加绒保暖棉鞋男士防滑户外休闲防水雪地靴', 114.99);
INSERT INTO `product` VALUES (4008403294, '宜宾特产 查氏竹叶黄粑竹叶糕360g 黄粑传统糕点早餐零食小吃', 16.8);
INSERT INTO `product` VALUES (4051723170, '宜宾特产 焦大哥长条芽菜老坛芽菜1000g 宜宾芽菜酱腌菜咸菜', 11.8);
INSERT INTO `product` VALUES (4052031727, '宜宾特产 焦大哥老坛芽菜颗粒芽菜1000g 宜宾芽菜酱腌菜咸菜', 11.8);
INSERT INTO `product` VALUES (4076405982, '新茶四川重庆野生老鹰茶老阴茶老林茶红白茶火锅凉茶500g适合夏天', 11.9);
INSERT INTO `product` VALUES (4280299835, '宜宾燃面调料包干面条 焦大哥宜宾燃面礼盒装965g 早餐', 47.9);
INSERT INTO `product` VALUES (4340400971, '戎陈坊冰糖麻辣大头菜丝100gx10袋 四川特产下饭菜咸菜农家酱菜', 19.8);
INSERT INTO `product` VALUES (4362735597, '宜宾特产 江安红桥杨永华磕粉800g 猪儿粑粉叶儿粑粉汤圆粉糯米粉', 15.8);
INSERT INTO `product` VALUES (4504159106, '1袋包邮 筠连特产詹老九鸭儿粑粉750g 叶儿粑猪儿耙糯米粉 送叶子', 13.8);
INSERT INTO `product` VALUES (4669428587, '戎陈坊宜宾燃面礼盒装190g×5盒 四川特产碱水面麻辣干拌面调料包', 45);
INSERT INTO `product` VALUES (4672836490, '宜齿洁 经典牙线超细牙线棒家庭装成人剔牙线安全牙签独立包装', 3.9);
INSERT INTO `product` VALUES (4970917684, '擦抹脸油面油素颜霜女懒人霜单品学生专用少女美颜遮瑕裸妆单瓶装', 19);
INSERT INTO `product` VALUES (5000220297, '跑步运动服套装男女士两件套春秋季新款时尚休闲情侣装宽松大码款', 328);
INSERT INTO `product` VALUES (5219699735, '宜齿洁L型牙缝刷进口不锈钢丝正畸牙间刷矫正牙套齿间隙刷20支', 19.8);
INSERT INTO `product` VALUES (5393919003, '四川特产宜宾芽菜窖香长条芽菜1000g 根条芽菜烧白叶儿粑扣肉芽菜', 16.5);
INSERT INTO `product` VALUES (5859800708, '摩托车机油通用全合成新大洲125踏板弯梁二三轮车四季通用机油', 18.8);
INSERT INTO `product` VALUES (5859930888, '摩托车机油四季通用全合成125弯梁车100踏板车二三轮摩托汽机油', 20.8);
INSERT INTO `product` VALUES (6190439310, '西域 骆驼男鞋夏凉鞋男头层牛皮鞋子男士休闲包头沙滩鞋透爸爸鞋', 117.99);
INSERT INTO `product` VALUES (6283034587, '少女高中学生面膜贴免洗补水保湿适合 10 12 14 16 17 19 20 22岁', 18.8);
INSERT INTO `product` VALUES (6283099386, '正品芦荟胶霜祛痘印淡化膏学生去痘痘痘疤修复凹洞青春痘坑女卢荟', 9.9);
INSERT INTO `product` VALUES (6283569957, '青少年初中高中学生男孩用祛痘去黑头洁面乳男士洗面奶祛粉刺螨虫', 14.8);
INSERT INTO `product` VALUES (6283613953, '夏季清爽男士搽脸油面霜洗脸一套装洗面奶和爽肤水补水保湿护肤品', 29);
INSERT INTO `product` VALUES (6655332273, '四川宜宾特产名小吃红糖凉糕 双河井凉糕粉凉虾粉250g夏季小吃', 9.9);
INSERT INTO `product` VALUES (6869377317, '头层牛皮夏季室外脚汗凉鞋男透气户外休闲包头沙滩鞋子男防滑软底', 152.99);
INSERT INTO `product` VALUES (7245557669, '摩托车机油通用全合成铃木钻豹125踏板150三轮车四季通用机油防冻', 15.8);
INSERT INTO `product` VALUES (7654253918, '宜齿洁 超细牙线 弓形牙线棒 剔牙线家庭装牙签 8袋1200支', 36.9);
INSERT INTO `product` VALUES (8003425189, '识字大王全书幼儿园早教启蒙儿童看图认字3到6岁学前小中大班卡片', 5.9);
INSERT INTO `product` VALUES (8135572892, '妈妈面油女士美白淡斑抗皱中老年护肤化妆品补水保湿霜摸擦抹脸油', 19.8);
INSERT INTO `product` VALUES (8138972212, '烟酰胺护手霜大瓶擦抹手油女士防干裂防裂春夏手双霜学生补水保湿', 14.8);
INSERT INTO `product` VALUES (8139767277, '玫瑰精油香皂洗澡肥皂香味持久留香女洗脸清香型香水全身男士沐浴', 9.8);
INSERT INTO `product` VALUES (8139784338, '薰衣草香型去油祛痘沐浴香皂洗澡肥皂持久留香味全身体清洁男女士', 8.8);
INSERT INTO `product` VALUES (8141818774, '3瓶 孕妇去狐臭腋臭专用哺乳期儿童可用腋臭滚珠香体止汗露液腋下', 19.9);
INSERT INTO `product` VALUES (8213069998, '女孩学生儿童面膜少女卡通可爱宝宝控油小孩子补水保湿男孩初中生', 25);
INSERT INTO `product` VALUES (8323129514, '可以擦脸护手霜孕妇滋润保湿补水防干裂干燥防裂防冻修复摸抹手油', 14.8);
INSERT INTO `product` VALUES (8349972921, '烧电焊工护肤品摸脸油防烤脸部疼干燥掉皮脱皮修复皮肤的护脸油霜', 19.9);
INSERT INTO `product` VALUES (8518987813, '西域 骆驼男鞋真皮夏季轻便软底男士户外休闲鞋透气网鞋男徒步鞋', 118);
INSERT INTO `product` VALUES (8655029597, '学生课桌考试挡板隔断专用挡板办公桌面屏风挡板书桌隔板桌子配件', 9.9);
INSERT INTO `product` VALUES (8667887956, '过生日装饰拉条纸花扇套餐装饰布置成人儿童宝宝周岁生日派对用品', 22);
INSERT INTO `product` VALUES (8675119179, '夏季薄款冰丝棉麻休闲九分裤女宽松七分萝卜裤哈伦裤潮大码小脚裤', 30.8);
INSERT INTO `product` VALUES (8675929371, '超亮LED灯泡玉米灯节能灯家用客厅灯卧室灯白光暖光三色变光灯泡', 1.29);
INSERT INTO `product` VALUES (8898927762, '2022新款潮流男士衬衫男士高档衬衫帅气长袖新款夏秋季', 39);
INSERT INTO `product` VALUES (8983313527, '宜齿洁 正畸清洁牙间隙硅胶刷齿间刷 软硅胶牙缝刷6盒120支 包邮', 8.9);
INSERT INTO `product` VALUES (15043611995, '四川安岳新鲜黄柠檬2斤装(单果80g以上)新鲜水果酸爽多汁批发包邮', 10.9);
INSERT INTO `product` VALUES (17455439317, '正品 天然A货翡翠十二生肖项链鼠牛虎兔龙蛇马羊猴鸡狗猪男女吊坠', 29.61);
INSERT INTO `product` VALUES (19981667099, '炒酸奶机家用小型儿童雪糕冰淇淋机可卷迷你免插电网红抖音炒冰机', 12.9);
INSERT INTO `product` VALUES (21877880109, '脱毛膏去腿毛神器永久学生安全脱腋毛全身汗毛大腿脚退毛膏男女士', 14.8);
INSERT INTO `product` VALUES (22011462722, '芦苇卢荟芦荟胶膏正品补水淡化祛痘印女士妈妈库拉索补水修护面膜', 9.9);
INSERT INTO `product` VALUES (23720990007, '天然水晶黑曜石吊坠十二生肖属鼠牛虎龙马羊猴猪蛇鸡狗项链男女', 17.64);
INSERT INTO `product` VALUES (24040136046, '书包女学生韩版初中小学生ins风校园双肩包女小清新印花防水背包', 49);
INSERT INTO `product` VALUES (26497044222, '孕妇保暖背心加绒加厚怀孕期托腹孕妇保暖内衣打底上衣马甲秋冬季', 29.9);
INSERT INTO `product` VALUES (26498610393, '保暖内衣女加绒加厚低领u领紧身长袖托胸弹力收腹产后哺乳上衣', 38.8);
INSERT INTO `product` VALUES (27589595203, '现代简约衣柜门拉手美式家具橱柜鞋柜子手柄欧式抽屉五金把手单孔', 1.5);
INSERT INTO `product` VALUES (27787104316, '昆虫记法布尔原著完整全集注音正版二三四年级下册小学生必阅读书', 24.8);
INSERT INTO `product` VALUES (27787697023, '唐诗三百首全集正版幼儿园早教有声点读小学生带注拼音注释3-68岁', 23.3);
INSERT INTO `product` VALUES (27788141980, '列那狐的故事正版完整版二三四五六年级狐狸传奇课外必读书注音版', 28.8);
INSERT INTO `product` VALUES (27790614598, '唐诗宋词三百首全集完整正版注音古诗词小学生鉴赏析1-6年级书籍', 13.8);
INSERT INTO `product` VALUES (27790781361, '十万个为什么大全集完整正版36到12岁少儿百科全书注音科普课外书', 24.8);
INSERT INTO `product` VALUES (27791722879, '父与子全集正版漫画书注音完整版全套小学生二三年级必读书7-10岁', 23.3);
INSERT INTO `product` VALUES (35617175313, '肉蔻批发肉豆蔻肉扣玉果草果香果公丁香山奈青麻椒调料100克~2斤', 12.5);
INSERT INTO `product` VALUES (36284569446, '保暖衬衫男2022新款加绒加厚男式保暖衬衣男士中老年休闲大码男装', 48.89);
INSERT INTO `product` VALUES (36562795640, '卫衣运动服套装女三件套春秋新款时尚休闲洋气长袖跑步套装健身服', 158);
INSERT INTO `product` VALUES (40298732209, '外增高男士皮鞋白色商务休闲正装办公室鞋子真皮潮流婚鞋高跟男鞋', 158);
INSERT INTO `product` VALUES (41308346184, '东洋之花蛇油防裂护手霜正品男女秋冬防皴裂防冻滋润保湿补水嫩白', 9.9);
INSERT INTO `product` VALUES (41482795421, '棉拖鞋女冬季室内情侣家居家用可爱厚底韩版月子保暖毛拖鞋男冬天', 7.9);
INSERT INTO `product` VALUES (41780259306, '2023年挂历兔年福字手撕挂历吊牌家用挂墙装饰可定制定做浮雕设计', 1.68);
INSERT INTO `product` VALUES (42304920916, '西域 骆驼男鞋冬季男士加绒保暖棉鞋男运动户外中高帮皮鞋男防滑', 148);
INSERT INTO `product` VALUES (42694213004, '宜齿洁 经典牙线安全牙签盒超细牙线棒剔牙线家庭多规格', 9.9);
INSERT INTO `product` VALUES (42695443662, '宜齿洁 牙线棒单支独立剔牙线家庭装单独装一次性牙线牙签盒超细', 9.9);
INSERT INTO `product` VALUES (43431921914, '2022新款小领棉衬衣扣领尖领冬季保暖加绒加厚秋冬蓝色衬衫', 59);
INSERT INTO `product` VALUES (44905736624, '【高档棉质】加绒加厚男式格子保暖衬衣商务休闲纯色衬衫中年男装', 68);
INSERT INTO `product` VALUES (46881425015, '现代简约拉手柜门拉手抽屉拉手美式橱柜鞋柜子欧式抽屉五金门把手', 2.49);
INSERT INTO `product` VALUES (48362887060, '304不锈钢液压阻尼缓冲铰链橱柜衣柜门大弯中弯飞机合页弹簧配件', 0.78);
INSERT INTO `product` VALUES (48534791058, 'LED节能灯泡 超亮无频闪室内照明光源E27E14螺口家用蜡烛灯泡', 1.28);
INSERT INTO `product` VALUES (50852323844, '高跟高帮皮鞋男拉链尖头棉皮靴男冬季加绒保暖短靴真皮增高鞋男靴', 158);
INSERT INTO `product` VALUES (52056363325, '男士增高商务正装高帮皮鞋男真皮尖头高跟棉皮靴冬季加绒保暖短靴', 158);
INSERT INTO `product` VALUES (53917573923, '秋冬时尚格子保暖衬衫男士保暖衬衣中年男式加绒加厚休闲外套男装', 68);
INSERT INTO `product` VALUES (55513070221, '葫芦摆件招财风水中式一对如意花瓶客厅装饰品玄关乔迁送开业礼品', 58);
INSERT INTO `product` VALUES (55722043290, '玉白菜摆件招财房间装饰品卧室客厅家居玄关办公室店铺送开业礼品', 55);
INSERT INTO `product` VALUES (56096324233, '玉如意客厅装饰品摆件高档彩绘平安扣家居室内玄关送开业乔迁礼品', 78.95);
INSERT INTO `product` VALUES (57061686338, '招财摇钱树摆件发财树客厅装饰品创意收银台乔迁礼品店铺开业送礼', 58);
INSERT INTO `product` VALUES (58612347075, '老鹰摆件大展宏图工艺品桌面客厅装饰品办公室老板桌店铺开业礼品', 68);
INSERT INTO `product` VALUES (58621652653, '304不锈钢液压缓冲阻尼铰链橱柜门衣柜大弯中弯飞机烟斗合页', 1.45);
INSERT INTO `product` VALUES (59525521411, '一帆风顺船摆件帆船客厅装饰品家居玄关电视柜办公桌商务开业礼品', 84);
INSERT INTO `product` VALUES (61380225539, '冬季加绒加厚保暖男式保暖衬衫加绒休闲格子衬衫长袖爸爸装中老年', 57.99);
INSERT INTO `product` VALUES (61974341213, '玉皙豆乳豆奶补水修护免洗面膜保湿修护提亮肤色孕妇可用面膜正品', 18);
INSERT INTO `product` VALUES (65419777628, '保暖背心女发热双面磨绒加绒修身内穿吊带无痕贴身大码保暖内衣', 16.99);
INSERT INTO `product` VALUES (65724024973, '304不锈钢液压缓冲阻尼铰链特厚3.0橱柜衣柜大弯中弯飞机烟斗合页', 1.55);
INSERT INTO `product` VALUES (68588637823, '西域 骆驼男鞋皮鞋牛皮男士户外运动休闲鞋子男徒步鞋爸爸鞋大码', 135);
INSERT INTO `product` VALUES (68839199210, '无痕保暖内衣女加绒加厚发热秋衣秋裤套装学生薄款紧身打底衫冬', 39.8);
INSERT INTO `product` VALUES (69763644414, '宜齿洁 隐适美咬胶正畸咬胶棒牙胶咬牙棒时代天使磨牙棒牙套脸6个', 16.9);
INSERT INTO `product` VALUES (71889046036, '收据定制送货单二联销货清单三联销售清单收款收据开单本发货单据【10天内发货】', 2);
INSERT INTO `product` VALUES (72163747121, '挖掘机施工工时单台班签证单二联定制挖掘机施工工时结算单三联单', 9.8);
INSERT INTO `product` VALUES (72192460768, '美容美发流水单定制理发店消费清单美甲收银单订制发廊单据结账单', 12.9);
INSERT INTO `product` VALUES (72547758754, '服装店鞋店专用销售单收据二联三联定制销售小票售货票据手写开单', 17.8);
INSERT INTO `product` VALUES (72556195722, '教育机构培训班收据二联三联定制学校幼儿园兴趣班入学合同印刷', 8.8);
INSERT INTO `product` VALUES (72575930544, '手机专卖店销售单收据二联三联定制电器家电专用票据保修单据', 19);
INSERT INTO `product` VALUES (72808161697, 'eec鱼子精华胶原紧致面膜5片装改善细纹保湿补水提亮肤色孕妇可用', 27.5);
INSERT INTO `product` VALUES (73324994810, '2022虎年淘运灵阁属鸡人的双鲤宝瓶琉璃摆件生肖吉祥物家居摆放', 18.32);
INSERT INTO `product` VALUES (73352316806, '淘运灵阁属羊人的谛听赐印琉璃摆件2022虎年生肖羊吉祥物礼物男女', 25.6);
INSERT INTO `product` VALUES (73681461240, '淘运灵阁属龙飞麟迎鸿摆件2022年生肖龙琉璃摆式家居卧室吉祥礼物', 28.8);
INSERT INTO `product` VALUES (74053756621, '销售销货清单送货单收款收据开单本二联三联四联自动复印免复写纸', 17);
INSERT INTO `product` VALUES (74636384355, '纯棉春秋新款长袖衬衫中老年衬衫商务休闲中老年衬衣洗水全棉面料', 58);
INSERT INTO `product` VALUES (75018990981, '黑色高腰秋冬季微喇叭九分裤女加绒西装小个子宽松显瘦阔腿休闲裤', 48);
INSERT INTO `product` VALUES (76128212558, '【官方正品】 长城酝美甜红葡萄酒6瓶红酒红酒批发整箱750ml*6', 102);
INSERT INTO `product` VALUES (76428440408, '【官方正品】长城北纬赤霞珠干红葡萄酒高档红酒礼盒送礼赠开瓶器', 109);
INSERT INTO `product` VALUES (76859029184, '垂感弹力高腰喇叭裤女春秋韩版黑色裤子女高个子加长版女裤工作裤', 68);
INSERT INTO `product` VALUES (77486888741, '【官方正品】长城北纬37赤霞珠干红葡萄酒高档红酒整箱750ml*6', 199);
INSERT INTO `product` VALUES (78207863137, '【官方正品】 烟台长城酝美甜红葡萄酒 11度 750ml单支装', 24.9);
INSERT INTO `product` VALUES (79025438013, '国潮中国风冰箱贴磁铁纸个性创意旺福网红爆款3d立体ins高颜值', 5);
INSERT INTO `product` VALUES (79072256463, '秋冬季西装裤女士高腰显瘦直筒长裤子加绒阔腿裤黑色休闲微喇叭裤', 58);
INSERT INTO `product` VALUES (80267915723, '【微损坏标】长城神话扬帆红酒正品葡萄酒多规格超值特卖不退不换', 48.9);
INSERT INTO `product` VALUES (81347058059, '无痕薄款发热保暖内衣女套装加绒加厚秋衣秋裤学生紧身棉毛衫', 39.8);
INSERT INTO `product` VALUES (82020370264, '优妮护发素免蒸发膜倒模正品修复染烫受损改善干枯毛躁补水柔顺滑', 39);
INSERT INTO `product` VALUES (86082984217, '连帽加厚加绒运动套装女休闲两件套冬季2022新款保暖时尚修身显瘦', 239);
INSERT INTO `product` VALUES (86298782073, '天然冰种黑曜石关公项链男兄弟情义吊坠武财神招财霸气挂坠', 88);
INSERT INTO `product` VALUES (87934235146, '网上打印资料文件书籍复印试卷文档打印装订成书籍打印复印资料', 3);
INSERT INTO `product` VALUES (88937309990, '现代简约铝合金柜门拉手黑色橱柜衣柜门抽屉把手美式加长厨柜拉手', 3.38);
INSERT INTO `product` VALUES (97075560767, '秋冬季微喇叭裤子女垂感西装高腰直筒裤宽松加绒阔腿裤黑色休闲裤', 59);
INSERT INTO `product` VALUES (97102589262, '坠感微喇叭裤女裤春秋2020新款高腰显瘦宽松直筒西裤女黑色长裤子', 48.99);
INSERT INTO `product` VALUES (97934202871, '【长城正品】 香逸浓甜红葡萄酒 11度红酒整箱甜酒葡萄酒750ml*6', 159);
INSERT INTO `product` VALUES (98018886953, '生肖牛摆件招财风水客厅装饰品摆件办公室老板桌公司商务开业礼品', 84);
INSERT INTO `product` VALUES (99267754399, '新货 四川特产宜宾双河凉糕葡萄井精品凉糕粉250g降暑小吃米豆腐', 9.9);
INSERT INTO `product` VALUES (104002657865, '打印资料网上打印复印资料学习文件书籍试卷宣传册书本装订彩印店', 0.5);
INSERT INTO `product` VALUES (104808650705, '西域 骆驼男鞋真皮运动夏季涉水网面软底软面透气休闲登山鞋防滑', 118);
INSERT INTO `product` VALUES (113424994572, '一帆风顺帆船摆件创意电视柜客厅玄关鞋柜办公桌摆设工艺装饰礼品', 99);
INSERT INTO `product` VALUES (115575013165, '【6.24元抢3432件，抢完恢复7.8元】北汽威旺M20原装挡泥板2017/18款威旺m20专用挡泥皮前后轮护泥瓦', 6.24);
INSERT INTO `product` VALUES (115596833878, '【4.56元抢2000件，抢完恢复6元】北汽威旺M30原装挡泥板2015/17款威旺m30挡泥板专用汽车前后轮瓦', 4.56);
INSERT INTO `product` VALUES (115747565009, '【4.4元抢43110件，抢完恢复5.5元】原装长安逸动专用挡泥板2012-16/18/19/20款逸动DTXT汽车挡泥皮瓦', 4.4);
INSERT INTO `product` VALUES (115829751365, '多功能防飞沫挡板学生课桌餐桌垫板防护板隔离挡板分隔柜台隔离板', 3.8);
INSERT INTO `product` VALUES (118917401862, '原装哈佛F7专用挡泥板原厂配件长城哈弗f7x汽车前后轮挡泥皮改装', 5.52);
INSERT INTO `product` VALUES (118924270240, '原装哈弗H2专用挡泥板2014-17/18款哈佛H2S汽车挡泥皮前后护泥瓦', 5.66);
INSERT INTO `product` VALUES (119084005768, '屯里付氏正品四季运动吸汗防臭鞋垫男女透气汗脚中药除臭', 5.88);
INSERT INTO `product` VALUES (119104589008, '原装海马M3挡泥板专用2018/17/16/15-13款海马m3汽车前后轮挡泥皮', 4.68);
INSERT INTO `product` VALUES (119112390669, '5双10双春秋千层布手工鞋垫男女士纯白运动全棉透气吸汗除臭鞋垫', 6.2);
INSERT INTO `product` VALUES (119640051076, '原装江淮瑞风M3挡泥板专用2015/16/17/18款m3挡泥皮前后轮护泥瓦', 6.12);
INSERT INTO `product` VALUES (120699107714, '点菜单二联三联定制烧烤店火锅店饭店餐厅餐馆酒店餐饮手写菜单本', 9.8);
INSERT INTO `product` VALUES (121239217248, '广场舞鞋绣花鞋内增高女鞋透气妈妈鞋老北京布鞋2022年新款民族鞋', 39.6);
INSERT INTO `product` VALUES (121873203337, '宜宾红糖500g袋装 手工甘蔗老红糖块四川冰粉凉糕凉虾配料商用', 8.8);
INSERT INTO `product` VALUES (123302722747, '原装骊威专用挡泥板2007-16/17/18/19款新老日产骊威汽车挡泥皮瓦', 4.5);
INSERT INTO `product` VALUES (123479864313, '现代简约床头柜实木特价经济型迷你小床头桌卧室小户型置物架学生', 128.48);
INSERT INTO `product` VALUES (124008464467, '【官方正品】中粮长城 国产红酒清爽干红葡萄酒750ml*6红酒整箱', 138);
INSERT INTO `product` VALUES (124034986888, '【官方正品】长城 海岸传奇扬帆解百纳干红葡萄酒750ml*6红酒整箱', 165.12);
INSERT INTO `product` VALUES (124098783434, '简易床头柜实木特价经济型网红迷你小柜子卧室床边小桌子宿舍家用', 199);
INSERT INTO `product` VALUES (124871485743, '【4.5元抢1999件，抢完恢复5元】原装雪铁龙世嘉专用挡泥板2006-16款C4三厢/两厢前后轮胎护泥板瓦', 4.5);
INSERT INTO `product` VALUES (125549493217, '宜齿洁 细滑微蜡薄荷扁线便携卷装牙线牙套矫正正畸牙线每盒50米', 6.9);
INSERT INTO `product` VALUES (125559754016, '宜齿洁舌苔清洁器护理刮舌器刮舌板刮舌头刷舌苔刷买1送1', 8.9);
INSERT INTO `product` VALUES (125563915769, '宜齿洁成人牙刷软毛超细家庭组合装男士女士装牙缝刷清洁2支', 8.9);
INSERT INTO `product` VALUES (125929971503, '消毒本消毒记录表场所消毒登记表抗击疫情每日消毒登记表', 11.8);
INSERT INTO `product` VALUES (126888365815, '【5.85元抢200件，抢完恢复6.5元】幻速S3专用挡泥板汽车前后轮护泥瓦原装北汽幻速s3挡泥皮改装配件', 5.85);
INSERT INTO `product` VALUES (127237160621, '现代简约床头柜实木特价经济型迷你小床头桌卧室小户型置物架学生', 188);
INSERT INTO `product` VALUES (127520924226, '父与子全集注音版二年级漫画书完整正版作文故事小学生必读课外书', 23.3);
INSERT INTO `product` VALUES (128550391074, '【4.64元抢200件，抢完恢复5.8元】大众途观L专用挡泥板汽车前后轮护泥瓦原装大众途观挡泥皮装饰件', 4.64);
INSERT INTO `product` VALUES (128850039939, '原道耳机平头式改线MMCX耳机头单晶铜镀银线舒尔母座HIFI音质DIY', 30);
INSERT INTO `product` VALUES (130171159227, '众有财富春秋季除臭鞋垫男士女士运动鞋垫吸汗中药防臭除臭不烧脚', 6.98);
INSERT INTO `product` VALUES (137897916326, '无痕保暖背心男加绒加厚发热内衣修身打底衫马甲坎肩秋冬季', 19.9);
INSERT INTO `product` VALUES (138529637564, '【3.75元抢2000件，抢完恢复5元】日产骊威专用挡泥板汽车前后轮挡泥皮原装尼桑骊威护泥瓦改装配件', 3.75);
INSERT INTO `product` VALUES (138532901326, '【4.29元抢200件，抢完恢复6.5元】日产奇骏专用挡泥板汽车前后轮挡泥皮原装尼桑奇骏护泥瓦改装配件', 4.29);
INSERT INTO `product` VALUES (139097973432, '【3.91元抢2000件，抢完恢复5.5元】五菱宏光专用挡泥板汽车前后轮挡泥皮原装新老款宏光S护泥瓦装饰', 3.91);
INSERT INTO `product` VALUES (141061375958, '【3.75元抢2000件，抢完恢复5元】雪佛兰科鲁兹专用挡泥板汽车前后轮挡泥皮原装新老款科鲁兹护泥瓦', 3.75);
INSERT INTO `product` VALUES (141747039842, '1-2条装/七分裤子女夏季冰丝休闲韩版宽松哈伦7分萝卜小脚裤子女', 30.5);
INSERT INTO `product` VALUES (142063504110, '肩颈椎按摩器多功能电动仪颈部背部腰肩部颈肩按摩枕车载家用枕头', 129);
INSERT INTO `product` VALUES (144606497046, '【官方正品】长城北纬37赤霞珠干红葡萄酒高档红酒整箱750ml*6', 355);
INSERT INTO `product` VALUES (145134627481, '凯仕乐海豚按摩器棒仪颈椎捶背电动手持式肩颈腰部全身振动敲打锤', 149);
INSERT INTO `product` VALUES (145150043674, '凯仕乐颈椎按摩器仪捶背肩颈部腰部拍打敲多功能全身捶打按摩披肩', 129);
INSERT INTO `product` VALUES (145168738287, '凯仕乐充电海豚按摩器棒振动锤肩颈腰全身多功能手持式颈椎按摩器', 249);
INSERT INTO `product` VALUES (145220635899, '凯仕乐肩颈按摩器披肩颈椎腰背部脖捶打敲披肩电动加热海盐包礼物', 129);
INSERT INTO `product` VALUES (145259982941, '凯仕乐海豚按摩器棒双头锤颈腰肩部捶背多功能全身振动电动手持式', 269);
INSERT INTO `product` VALUES (145260392417, '老北京布鞋妈妈鞋女鞋正宗中老年时尚款老人绣花女软底帆布鞋子秋', 44.79);
INSERT INTO `product` VALUES (145302907786, '海豚按摩棒器大力敲打锤肩颈部腰多功能全身振动揉捏腿电动手持式', 259);
INSERT INTO `product` VALUES (147097103338, '海豚颈椎按摩器棒肩颈腰部全身多功能电动手持式颈椎敲打锤捶背仪', 129);
INSERT INTO `product` VALUES (148606195433, '父与子全集正版漫画书全套故事注音完整版一二三四年级小学生儿童', 23.3);
INSERT INTO `product` VALUES (148978760651, '不干胶贴纸定做印刷小广告贴纸标签贴纸定制合格证透明PVC商标贴', 2);
INSERT INTO `product` VALUES (149788000733, '肩背按摩器披肩家用多功能捶打加强敲敲乐颈部背部腰部肩颈椎按摩', 89);
INSERT INTO `product` VALUES (152818220121, '黑曜石时来运转吊坠本命年古风玉坠平安扣扭转乾坤项链女轮回玉佩', 34);
INSERT INTO `product` VALUES (152818349778, '真朱砂时来运转吊坠本命年古风玉坠紫金砂平安扣项链男女轮回玉佩', 29.9);
INSERT INTO `product` VALUES (153058772633, '2020新款小学生书包女孩3-5-6年级可爱卡通DIY初中生韩版校园背包', 59);
INSERT INTO `product` VALUES (154021419207, '100%纯棉 夏季男士背心男青年紧身弹力打底修身吊带汗衫男装运动', 9.9);
INSERT INTO `product` VALUES (154482608665, '2022冬季男士纯棉保暖休闲长袖衬衫加绒加厚格子全棉衬衣中年男式', 89);
INSERT INTO `product` VALUES (154520293748, '直筒裤女秋冬款高腰弹力垂感休闲长裤加绒显瘦黑色九分裤西装长裤', 49);
INSERT INTO `product` VALUES (155338504269, '2022新款秋冬羊毛大衣纯手工双面尼外套中长款羊绒毛呢大衣女加厚', 188);
INSERT INTO `product` VALUES (157406957313, '2021秋冬季新款格子加绒加厚衬衫男式休闲长袖衬衣中老年保暖男装', 68);
INSERT INTO `product` VALUES (158191333468, '【购买前须联系客服确认】补收差价专用商品', 1);
INSERT INTO `product` VALUES (158399334959, '2022冬桑蚕丝棉衣男式加绒加厚中老年男士上衣保暖衬衫长袖格子', 80.03);
INSERT INTO `product` VALUES (159209674988, '高领打底衫女春秋款加绒保暖衣女学生韩版冬季百搭阳离子长袖T恤', 19.9);
INSERT INTO `product` VALUES (159352716574, '中粮长城烟台蓬莱产区至醇干红葡萄酒750ml*2双支装', 49.28);
INSERT INTO `product` VALUES (159851032620, '无痕保暖内衣男加绒加厚发热秋衣秋裤套装薄款棉毛衫大码青年冬', 59.8);
INSERT INTO `product` VALUES (159978916769, '秋冬季弹力微喇叭裤女职业工作高腰阔腿西装加绒直筒休闲黑色长裤', 59);
INSERT INTO `product` VALUES (159987167644, '微喇叭裤子女秋冬季高腰弹力职业直筒休闲裤垂感阔腿加绒西装长裤', 49);
INSERT INTO `product` VALUES (161001461050, '适用兄弟dcp1618w硒鼓tn1035粉盒1608 1518 1208 1118 MFC1919NW', 29.8);
INSERT INTO `product` VALUES (161010817904, '适用联想M7206W硒鼓 M7216NWA墨粉盒LJ2206W 2205 7255 LT201粉盒', 29.8);
INSERT INTO `product` VALUES (162783381482, '秋裤男保暖裤男士线裤加绒薄款无痕发热紧身裤子打底裤冬季', 29.9);
INSERT INTO `product` VALUES (162985754587, '买1副送1副】美瞳新款大小直径自然学生半年抛网红同款隐形眼镜', 12.9);
INSERT INTO `product` VALUES (163094903479, '中老年人保暖内衣女加绒加厚发热秋衣秋裤套装大码妈妈棉毛衫', 39.8);
INSERT INTO `product` VALUES (164130611722, '【顺丰】适用惠普m1136硒鼓p1108 HP1106 M126a/nw cc388a M128fn', 26.9);
INSERT INTO `product` VALUES (164161522826, '【顺丰】适用惠普m1005硒鼓HP1020墨盒laserjet m1005晒鼓 Q2612A', 26.9);
INSERT INTO `product` VALUES (164740433525, '孕妇秋衣秋裤套装加绒哺乳保暖内衣怀孕前产后喂奶睡衣棉毛衫秋冬', 36.8);
INSERT INTO `product` VALUES (164911469226, '冬季灯芯绒加绒加厚男式保暖衬衫棉羊绒保暖内胆中老年长袖衬衫', 88);
INSERT INTO `product` VALUES (165465538514, '家用炒酸奶机小型儿童冰淇淋炒冰机迷你免插电冰激凌网红炒冰盘', 14.3);
INSERT INTO `product` VALUES (165735949097, '2022秋冬季新款男式假两件保暖青中年男士衬衫套头毛衣爸爸装', 98);
INSERT INTO `product` VALUES (166327525510, '304不锈钢液压缓冲阻尼铰链橱柜门衣柜大弯中弯飞机烟斗合页', 1.4);
INSERT INTO `product` VALUES (166646878819, '适用三星SCX4521F硒鼓4321ns/hs ML1610 4725 2010 4821 4621墨盒', 36.9);
INSERT INTO `product` VALUES (167409793551, '适用兄弟DCP7080d硒鼓HL2260 7180 7480D MFC7380 7880墨盒TN2325', 27.52);
INSERT INTO `product` VALUES (167943556276, '无痕保暖内衣女套装加绒发热大码胖mm200斤秋衣秋裤棉毛衫', 46.8);
INSERT INTO `product` VALUES (168004374939, '现代简约床头柜实木特价经济型迷你小床头桌卧室小户型置物架学生', 228);
INSERT INTO `product` VALUES (168371693489, '广场舞鞋绣花鞋内增高女鞋透气妈妈鞋老北京布鞋秋季最新款汉服鞋', 71.9);
INSERT INTO `product` VALUES (169163107206, 'JCALLY杰仕声ALC5686DAC解码耳放线HIF发烧音频转接头typec转3.5m', 49);
INSERT INTO `product` VALUES (169438061548, '凤尾款秋冬季保暖鞋垫加绒加厚抗寒柔软吸汗除臭防滑耐磨运动鞋垫', 5.01);
INSERT INTO `product` VALUES (170198011647, '颈椎按摩器电动肩颈腰背部腿部多功能全身揉捏按摩枕车载家用枕头', 139);
INSERT INTO `product` VALUES (170258836825, '装饰窗帘免打孔安装新款门帘吊帘挂帘水晶珠帘隔断帘客厅卧室遮挡', 15.84);
INSERT INTO `product` VALUES (170999615238, '榻榻米液压杆撑支撑杆气压杆液压撑杆橱柜上翻门气撑杆柜门', 3.8);
INSERT INTO `product` VALUES (172321233885, '临时停车牌定制棋牌游戏广告挪车电话号码牌做移车卡停车卡插车卡', 5);
INSERT INTO `product` VALUES (172689537794, '公牛开关插座面板家用空调16A面板五孔86型USB面板暗装多孔G07金', 8.5);
INSERT INTO `product` VALUES (172690131086, '公牛开关插座家用多功能多孔开关面板墙上16a电源USB插座G31白色', 4.6);
INSERT INTO `product` VALUES (172705271455, '公牛开关插座家用多功能多孔开关面板墙上16a电源USB插座G31灰色', 4.6);
INSERT INTO `product` VALUES (172983796635, '公牛开关插座面板家用空调16A面板五孔86型USB面板暗装多孔G12白', 7.5);
INSERT INTO `product` VALUES (173551329850, '公牛明装开关1开一开单控家用墙壁电源单开单联开关面板灯开关G09', 6.8);
INSERT INTO `product` VALUES (173551705430, '公牛空调插座专用三孔16a大功率三眼家用热水器明线明装插座面板', 8.1);
INSERT INTO `product` VALUES (174166746959, '【L-7XL可穿到230斤】秋冬男式加绒加厚保暖衬衫中老年宽松衬衣男', 68);
INSERT INTO `product` VALUES (174347342833, '自发热蚕蛋白无痕德绒秋冬季男士保暖内衣男套装加绒加厚秋衣秋裤', 10.9);
INSERT INTO `product` VALUES (175069700153, '蚕蛋白自发热德绒秋冬保暖内衣女士秋衣秋裤套装女加绒加厚保暖衣', 11.9);
INSERT INTO `product` VALUES (177521041909, '金色电动摇手招财猫摆件店铺生意兴隆开业礼品二维码收银台发财猫', 88);
INSERT INTO `product` VALUES (177731813403, '书包女学生韩版2020新款DIY手工缝图初中生背包女孩4-6年级双肩包', 59);
INSERT INTO `product` VALUES (178568623808, '外卖快餐盒贴纸定制logo不干胶标签打包封口贴设计广告定做二维码', 5);
INSERT INTO `product` VALUES (179782722290, '【官方正品】长城北纬解百纳干红葡萄酒红酒整箱年货送礼750ml*6', 264);
INSERT INTO `product` VALUES (179856104643, '公牛插座防水保护盒全封闭护罩卫生间开关防水罩保护罩浴室防水盒', 14.2);
INSERT INTO `product` VALUES (179894317812, '公牛118型开关插座面板电脑电视usb一开五孔多孔电源墙壁G04灰色', 16.1);
INSERT INTO `product` VALUES (179894524222, '公牛118型开关插座面板家用五孔插座6六孔9九孔12孔十二孔20多孔', 18.7);
INSERT INTO `product` VALUES (180644795246, '公牛开关插座86型五孔暗装插座面板多功能多孔墙壁电源插座G12灰', 7.5);
INSERT INTO `product` VALUES (180679795755, '公牛开关插座家用空调16A面板五孔86型USB面板暗装多孔插座G07黑', 8.8);
INSERT INTO `product` VALUES (180920265749, '适用惠普178nw粉盒118a HP179fnw硒鼓150a 150nw HP Color Laser', 32.57);
INSERT INTO `product` VALUES (181757270724, '貔貅摆件招财白菜聚财皮丘电视柜酒柜家居客厅装饰品店铺开业礼品', 144);
INSERT INTO `product` VALUES (181926556471, '宣传单印制免费设计制作广告宣传册印刷双面彩页定制单页三折页', 2);
INSERT INTO `product` VALUES (184579750428, '40包24包漫花萌系可爱小抽纸便携原木浆抽纸整箱批发卫生纸餐巾纸', 13.8);
INSERT INTO `product` VALUES (185432753974, '棉拖鞋女包跟家居室内保暖防滑厚底冬天月子鞋产后棉鞋男冬季新款', 14.9);
INSERT INTO `product` VALUES (185806399080, '一次性口罩整箱2000三层含熔喷布现货成人口罩防飞沫防病菌防异味【1月13日发完】', 60);
INSERT INTO `product` VALUES (185857522416, '口罩一次性批发整箱2000只民用成人三层含熔喷布透气防飞沫防病菌【1月13日发完】', 240);
INSERT INTO `product` VALUES (186148230198, '健身运动套装男女款秋冬情侣装加厚保暖两件套宽松显瘦三件套休闲', 298);
INSERT INTO `product` VALUES (186244534635, '黑色口罩一次性加厚三层防护防尘防晒透气成人学生男女黑口罩批发', 1.88);
INSERT INTO `product` VALUES (188298188490, '公牛开关插座118型三四位六九十二孔组合面板多功能电脑模块G04白', 4.69);
INSERT INTO `product` VALUES (188298603976, '公牛118型开关插座面板六孔9九孔12孔十二孔20孔面板多孔G04金色', 13.5);
INSERT INTO `product` VALUES (190897753120, '【羊毛被】100%羊毛被子被芯冬季特厚防寒保暖抗菌单双人速热中厚', 260.76);
INSERT INTO `product` VALUES (192157933473, 'JCALLY杰仕声JC-08S耳机升级线mmcx凹凸0.78适用于舒尔KZ CCA TRN', 39);
INSERT INTO `product` VALUES (193586993772, 'JCALLY杰仕声JA04数字音频转接头瑞昱5686解码耳放线typec转3.5口', 48.99);
INSERT INTO `product` VALUES (194506726985, '现代中式胡桃木简易床头柜卧室小户型床头桌储物柜出租房家用整装', 284.9);
INSERT INTO `product` VALUES (194760977276, '高档金牛招财摆件牛年吉祥物旺股市办公室装饰品公司开业商务礼物', 94);
INSERT INTO `product` VALUES (196831238126, '适用三星SCX3201硒鼓ML1666 D1043S 1676 3200粉盒1861 1865墨盒', 35.9);
INSERT INTO `product` VALUES (197263855272, '海俪恩2片装隐形眼镜半年抛有度数学生新手美瞳防蓝光高清水润1片', 18.9);
INSERT INTO `product` VALUES (197736861660, '海俪恩水氧分隐形眼镜季抛两片官方正品男女有度数防蓝光美瞳学生', 23.66);
INSERT INTO `product` VALUES (198188811172, '入耳式有线耳机游戏电竞typec接口圆头电脑适用于OPPO手机vivo通', 29);
INSERT INTO `product` VALUES (198840133045, '超保暖自剪鞋垫加绒加厚毛毡长条男女通用保暖儿童秋鞋垫秋冬季', 3.89);
INSERT INTO `product` VALUES (199673032085, '一次性口罩整箱2000三层含熔喷布现货成人口罩防飞沫防病菌防异味【1月13日发完】', 60);
INSERT INTO `product` VALUES (199999323753, '香料调料大全大料八角桂皮香叶花椒茴香辣椒草果炖肉组合做菜卤料【7天内发货】', 3.99);
INSERT INTO `product` VALUES (200179389918, '蜂蜜广告贴纸定做标签定制天然商标设计洋槐蜜鸭脚木瓶贴加二维码', 5);
INSERT INTO `product` VALUES (200185809317, '不干胶广告贴纸定做贷款信贷宽带开锁海报墙贴户外粘贴纸防水标签', 5);
INSERT INTO `product` VALUES (201455367258, '适用惠普136w硒鼓HP110A 108w mfp 136a/nw/wm 138pn墨粉盒w1110a', 34.9);
INSERT INTO `product` VALUES (201510483384, '独立包装口罩一次性批发三层防护防尘成人口罩防雾霾3层透气大人', 6.97);
INSERT INTO `product` VALUES (202154361505, '商用摆摊燃气球形蝶形单锅双锅爆米花机棉花糖一体机组合机摆摊', 206.1);
INSERT INTO `product` VALUES (202203401199, '50号扭蛋球二元扭蛋弹力球投币奇趣蛋扭扭蛋儿童玩具积木拼装公仔', 8.8);
INSERT INTO `product` VALUES (202723609022, '2片装)美瞳网红同款半年抛欧美混血隐形眼镜自然大小直径近视学生', 6.8);
INSERT INTO `product` VALUES (203140651797, '书包男潮流ins风韩版大学生高中初中生网红双肩包女大容量背包酷', 29.98);
INSERT INTO `product` VALUES (203273252937, '海俪恩美瞳隐形眼镜护理液120ml水大小瓶海昌官方正品多效护理液', 11.9);
INSERT INTO `product` VALUES (203291863935, '漫花卫生纸卷纸巾卷筒纸家用厕所纸批发手纸厕纸母婴白纸巾家庭装', 9.8);
INSERT INTO `product` VALUES (203325310886, '海昌全舒适隐形眼镜日抛10片装一次性有度数防紫外线近视男女超薄', 49.9);
INSERT INTO `product` VALUES (203329866079, '百天宴1周岁生日布置儿童100天满月鼠年宝宝百日宴装饰背景墙气球', 25.8);
INSERT INTO `product` VALUES (203724082825, '自发热玻尿酸德绒无痕保暖内衣女士秋衣秋裤套装女加绒加厚打底衫', 25.9);
INSERT INTO `product` VALUES (203817221349, 'JCALLY杰仕声JM08C解码耳放type-c便捷手机音质提升器转接头3.5mm', 39);
INSERT INTO `product` VALUES (205389823307, '黑芝麻香菇粉海苔牡蛎猪肝粉宝宝辅食调料儿童拌饭料送婴儿辅食表', 7.73);
INSERT INTO `product` VALUES (205404572726, '漫花纸巾抽纸卫生纸抽整箱家用批发实惠装餐巾纸面巾纸6/30大包纸', 8.5);
INSERT INTO `product` VALUES (205516782816, '婴辰氏有机核桃油无添加低温压榨亚麻籽油宝宝辅食用油牛油果油', 22.5);
INSERT INTO `product` VALUES (205537077624, '宝宝食用醋水果醋蔬菜核桃添加拌饭料儿童开胃调味料送婴儿辅食表', 16.2);
INSERT INTO `product` VALUES (205698852784, '【两片装】海昌EYE100%近视透明隐形眼镜月抛防蓝光男女学生透氧', 19.9);
INSERT INTO `product` VALUES (205757107042, '卷纸巾无芯卷筒纸家用卫生纸实惠装厕所纸手纸厕纸家庭装批发卷纸', 8.8);
INSERT INTO `product` VALUES (206002474368, '适用惠普m154a硒鼓m180n HP204a M181fw墨盒CF510a粉盒M154nw彩色', 44.45);
INSERT INTO `product` VALUES (207788803752, '儿歌三百首注音版大全早教幼学读读童谣300篇023-6岁口才书一年级', 25.6);
INSERT INTO `product` VALUES (209125082430, '香料调料大全大料八角桂皮香叶花椒茴香辣椒草果丁香组合做菜卤料', 4.88);
INSERT INTO `product` VALUES (209948302972, '茶叶蛋调料包自家卤味卤水配方商用五香茶叶蛋秘制香鸡蛋卤料包', 5.58);
INSERT INTO `product` VALUES (210175869652, '运动套装女春秋2022新款洋气潮高档运动服情侣装跑步套装男三件套', 336);
INSERT INTO `product` VALUES (210657775700, '【50卷32卷12卷】卫生纸卷纸巾家用实惠装厕所卷筒纸厕纸手纸批发', 9.8);
INSERT INTO `product` VALUES (211855581375, '2022冬季新款加绒加厚真皮坡底羊毛冬季女鞋橡胶防滑耐磨软底女靴', 98.8);
INSERT INTO `product` VALUES (213674244295, '赠盒)黑色自然美瞳舒服同款半年抛男生隐形眼镜大小直径近视镜片', 13.8);
INSERT INTO `product` VALUES (214231133080, 'JCALLY杰仕声JM08L苹果解码耳放小尾巴扁头lightning耳机转接头3.', 89);
INSERT INTO `product` VALUES (214402953077, '买一副送一副】美瞳官方隐形眼镜网红同款半年抛大小直径学生', 12.9);
INSERT INTO `product` VALUES (215536173179, '玉如意摆件装饰品家居酒柜客厅摆设工艺品乔迁新居礼品搬新家礼物', 86);
INSERT INTO `product` VALUES (215825229111, '手工灌香肠器自制灌腊肠工具手动小型灌肠机家用罐装香肠的机器', 5.86);
INSERT INTO `product` VALUES (217138621601, '【80卷40卷12卷】卷纸巾卫生纸家用实惠装卷筒纸手纸厕所厕纸批发', 14.9);
INSERT INTO `product` VALUES (217348696359, '卫康隐形眼镜护理液大瓶品牌美瞳护眼液杀菌保湿水润男女清洁药水', 14.76);
INSERT INTO `product` VALUES (218479851367, '适用惠普HP1505硒鼓m1522nf粉盒P1505墨盒M1120mfp 36A CB436A', 27.52);
INSERT INTO `product` VALUES (220042259087, '海俪恩水滋润隐形眼镜润滑液10ML保湿眼药水美瞳滴眼液小瓶护理液', 8.3);
INSERT INTO `product` VALUES (220044072451, '海昌隐形眼镜护理液美瞳护眼液多功能护理近视眼睛大小瓶杀菌120', 15.9);
INSERT INTO `product` VALUES (220535187815, '21春夏新款棉质高档格子男士长袖衬衣商务休闲中老年男式衬衫宽松', 49.9);
INSERT INTO `product` VALUES (220763735771, '广场舞鞋绣花鞋方跟女鞋透气妈妈鞋老北京布鞋秋季最新款布汉服鞋', 76.8);
INSERT INTO `product` VALUES (221189546686, '新款老北京绣花布鞋女民族风古装汉服鞋子牛筋底布鞋妈妈舞蹈鞋', 39.9);
INSERT INTO `product` VALUES (221192209984, '广场舞鞋绣花鞋平底女鞋透气妈妈鞋老北京布鞋秋季最新款布汉服鞋', 39.32);
INSERT INTO `product` VALUES (221430543764, '一字牌护士鞋女白色坡跟软底牛筋底美容鞋平底夏季防臭透气小白鞋', 33.6);
INSERT INTO `product` VALUES (222187164586, 'JCALLY杰仕声JA05数字音频解码耳放一体转接头typec转3.5安卓耳机', 33.99);
INSERT INTO `product` VALUES (222581635000, '皮凉鞋男款真皮夏季透气男士商务凉鞋镂空正装皮鞋尖头男鞋洞洞鞋', 148);
INSERT INTO `product` VALUES (223432317079, '买5双送5双除臭鞋垫春秋季薄款运动除臭留香防滑耐磨不烧脚鞋垫', 4.6);
INSERT INTO `product` VALUES (223516992275, '不干胶贴纸定做印刷小广告贴纸标签贴纸定制合格证透明PVC商标贴', 5);
INSERT INTO `product` VALUES (224002960993, '情侣装春夏装新款男女休闲时尚两件套圆领洋气夏季套装高颜值服装', 118);
INSERT INTO `product` VALUES (224049877629, '海俪恩美瞳隐形眼镜年抛2片小直径自然款14.0有度数学生品牌网红', 18.6);
INSERT INTO `product` VALUES (227413070677, '小香风开衫女2022秋冬季新款针织开衫女外套宽松毛衣女学院风百搭', 31.6);
INSERT INTO `product` VALUES (227845359188, '泡酒玻璃瓶专用酒坛泡酒罐可乐桶容器饮料桶密封药酒瓶家用酿酒缸', 10.87);
INSERT INTO `product` VALUES (228298032311, '定制家用防蚊纱防蚊纱窗网自粘式自装型魔术贴蚊网纱推拉窗户沙窗', 3.9);
INSERT INTO `product` VALUES (228324631287, '泡酒罐玻璃密封家用玻璃罐密封罐带龙头欧式复古泡酒瓶发酵储酒瓶', 15.68);
INSERT INTO `product` VALUES (228328282076, '颈椎按摩器车载家用充电无线按摩枕颈背腰部多功能全身揉捏热敷', 129);
INSERT INTO `product` VALUES (228473590744, '四大名著原著正版初高中青少年全套西游记红楼梦三国演义水浒传书', 23.8);
INSERT INTO `product` VALUES (228622758645, '玻璃泡酒瓶带龙头饮料桶水果茶桶调酒兑酒快乐桶可乐桶容器啤酒桶', 7.6);
INSERT INTO `product` VALUES (228643207416, '小香风马甲背心外套女2022年春秋新款毛衣韩版宽松针织衫开衫学院', 19.6);
INSERT INTO `product` VALUES (228680826145, '蚊香盘托接灰盘蚊香盒家用大号不锈钢锯齿蚊香座防火蚊香托蚊香架', 3.9);
INSERT INTO `product` VALUES (229014303779, '招财发财树摆件金摇钱树家居客厅酒柜玄关装饰品吧台店铺开业礼品', 86);
INSERT INTO `product` VALUES (229837793202, '猫头鹰灭蚊灯家用静音卧室孕妇无辐射led灭蚊器插电捕蚊器驱蚊器', 6.89);
INSERT INTO `product` VALUES (230114550329, '立昌肩颈椎按摩器仪腰部背部腿部加热捶打家用多功能全身按摩披肩', 109);
INSERT INTO `product` VALUES (230168744798, '带龙头凉水壶大容量冷水壶家用耐高温玻璃可乐桶柠檬茶饮料果汁桶', 64.67);
INSERT INTO `product` VALUES (231561237116, '爸妈不是我的佣人励志小学生注音版一二年级课外阅读我为自己读书', 23.8);
INSERT INTO `product` VALUES (231841278936, '凯仕乐颈椎揉捏按摩器颈部腰部肩部按摩枕靠垫家用全身捶打按摩垫', 799);
INSERT INTO `product` VALUES (232317848859, '正版电脑办公软件从入门到精通excel word ppt表格制作教程技巧书', 29.8);
INSERT INTO `product` VALUES (232377547550, '特辣小米椒印度椒魔鬼椒批发超辣椒粉辣椒面微辣红干辣椒段朝天椒', 5.23);
INSERT INTO `product` VALUES (232450140870, '防火盘加厚盒创意接灰大号架炉便捷家用新款蚊香带盖托盘驱蚊盒子', 1.95);
INSERT INTO `product` VALUES (232503599793, '天丝棉减龄两件套裤女夏季2022年新款时尚休闲宽松小衫阔腿裤套装', 138);
INSERT INTO `product` VALUES (232705345801, '特辣小米椒印度椒魔鬼椒批发超辣椒粉辣椒面微辣红干辣椒段朝天椒', 4.25);
INSERT INTO `product` VALUES (232800079205, '【3-10双】千层布鞋垫夏季薄款吸汗透气防臭鞋垫男士女士运动鞋垫', 4.39);
INSERT INTO `product` VALUES (233094900859, '四川宜宾特产夏季小吃 葡萄泉即食冰粉268g送红糖坚果包开盖即吃', 8.8);
INSERT INTO `product` VALUES (234256922060, '【60包一年加量装】原木抽纸整箱批发家用1包可湿水纸巾实惠装', 6.78);
INSERT INTO `product` VALUES (234931232616, '【20.54元抢6417件，抢完恢复41.9元】博士伦年抛美瞳隐形眼镜自然14.3夏季学生美瞳新款网红同款品牌', 20.54);
INSERT INTO `product` VALUES (235097254513, '【24.5元抢34670件，抢完恢复49.99元】海昌星动蕾丝半年抛两片美瞳隐形眼镜14.1学生美瞳自然混血网红款', 24.5);
INSERT INTO `product` VALUES (235201895496, '妇炎洁人体润滑油免洗成人用品夫妻房事阴道干涩男女快感润滑液剂', 69);
INSERT INTO `product` VALUES (235600056009, '九转乾坤鼎摆件时来运转招财聚宝盆客厅办公室装饰品店铺开业礼品', 118);
INSERT INTO `product` VALUES (236021908122, '女童内衣发育期小背心小学生13岁14儿童少女初中生文胸无痕防凸点', 16.6);
INSERT INTO `product` VALUES (236581728741, '12V2A按摩枕电源按摩器专用家用车用按摩器电源适配器电源线插头', 26);
INSERT INTO `product` VALUES (237950612527, '笔袋女生大容量ins高颜值学生铅笔盒韩版简约文具盒可爱文具袋', 2.72);
INSERT INTO `product` VALUES (239035789581, '超软头双头荧光笔标记重点高颜值淡色系莫兰迪色学生套装记号笔', 2.28);
INSERT INTO `product` VALUES (239525783305, '书架简易落地书柜置物架简约客厅收纳柜子储物经济型家用学生书架', 86);
INSERT INTO `product` VALUES (239958088153, '新款带龙头凉水壶大容量冷水壶耐高温玻璃柠檬茶饮料果汁桶琥珀色', 130);
INSERT INTO `product` VALUES (240250774013, '凉水壶带龙头大容量家用冷水壶玻璃耐高温可乐桶柠檬凉白开饮料桶', 31);
INSERT INTO `product` VALUES (241493160889, '负重背心可调节重量沙衣透气隐形负重设备衣男女跑步沙袋马甲背心', 29);
INSERT INTO `product` VALUES (241690786708, '【超薄冰丝凉感】夏季男士家居服T恤短袖五分短裤睡衣睡裤套装男', 13.41);
INSERT INTO `product` VALUES (241708263563, '【超薄冰丝凉感】夏季女士家居服T恤短袖五分短裤睡衣睡裤套装女', 15.9);
INSERT INTO `product` VALUES (241771762405, '2021新款情侣运动套装时尚跑步男女学生运动服长袖卫衣休闲三件套', 268);
INSERT INTO `product` VALUES (241901267106, '小茴香粒 小茴香粉香料调料家用散装干货调料大全', 6.8);
INSERT INTO `product` VALUES (242300895068, '笔袋女生大容量双层铅笔盒男女生简约小学初中高中可爱网红文具盒', 4.5);
INSERT INTO `product` VALUES (242780722948, '凑十法破借十法练习册全套数学前大班一年级幼小衔接一日一练加减', 22.6);
INSERT INTO `product` VALUES (243156255178, '颈椎按摩器热敷肩颈腰背部腰部多功能全身揉捏按摩枕车载家用枕头', 139);
INSERT INTO `product` VALUES (243375342411, '家用餐边柜厨房储物柜客厅靠墙茶水柜现代简约碗柜置物简易小柜子', 127);
INSERT INTO `product` VALUES (243419773584, '十万个为什么大全集完整注音版6到12岁百科脑筋急转弯成语故事书', 24.8);
INSERT INTO `product` VALUES (243435519556, '【203.4元抢222件，抢完恢复226元】商用球形爆米花机棉花糖一体机摆摊流动燃气爆谷机送全套原料技术', 203.4);
INSERT INTO `product` VALUES (243848758303, '防火蚊香盘蚊香架蚊香盒创意家用带盖室内户外安全蚊香炉日式盘托', 3.37);
INSERT INTO `product` VALUES (244190525505, '乳贴防凸点学生一次性防走光贴女胸贴无纺布男士乳贴透气男女专用', 3.79);
INSERT INTO `product` VALUES (244718989518, '纯色洋气连衣裙女夏装2021年新款高端气质修身减龄女人味显瘦裙子', 168);
INSERT INTO `product` VALUES (244736087672, '粥速食营养早餐冲泡免煮多口味皮蛋瘦肉粥黑米粥上班族代餐夜宵', 10.88);
INSERT INTO `product` VALUES (244967095728, '【5罐巨划算】五香黄花鱼罐头下饭菜香辣海鲜熟食罐装黄花鱼2罐', 9.9);
INSERT INTO `product` VALUES (246083850047, '【官方正品】中粮长城甜白葡萄酒红酒 6°微泡气泡酒起泡甜酒', 129);
INSERT INTO `product` VALUES (246109002817, '花香除臭防臭鞋垫春秋季吸汗透气运动鞋垫男士女士除臭防臭', 1.98);
INSERT INTO `product` VALUES (246211409041, '冰块模具冰格速冻冰块的模具家用自制冰淇淋速冻器带盖商用制冰盒', 6.9);
INSERT INTO `product` VALUES (246525707783, '气质休闲两件套女2022夏季新款洋气减龄天丝棉显瘦时尚阔腿裤套装', 138);
INSERT INTO `product` VALUES (247011514190, '升级款孕妇用品怀孕期必备防辐射贴纸儿童手机电脑防电磁辐射神器', 14.48);
INSERT INTO `product` VALUES (247711077317, '【10罐巨划算】五香黄花鱼罐头下饭菜香辣海鲜熟食罐装黄花鱼1罐', 6.8);
INSERT INTO `product` VALUES (247843746713, '啄木鸟休闲运动服套装女装2022新款宽松减龄短袖七分裤纯棉两件套', 78);
INSERT INTO `product` VALUES (248143131084, '【7罐巨划算】五香黄花鱼罐头下饭菜香辣海鲜熟食罐装黄花鱼1罐', 10.9);
INSERT INTO `product` VALUES (248605538963, '啄木鸟短袖纯棉运动休闲套装女夏天2022新款时尚宽松跑步服两件套', 88);
INSERT INTO `product` VALUES (248781821875, '适用兄弟DCP7080D打印机粉盒DCP7080硒鼓易加粉墨盒7080鼓架晒鼓', 29.8);
INSERT INTO `product` VALUES (249907445565, '赠护理液】旗舰店美瞳隐形眼镜新款半年抛爆款小大直径日常学生', 29.9);
INSERT INTO `product` VALUES (250236802833, '高档休闲运动套装女士卫衣三件套春秋时尚潮韩版显瘦洋气时髦气质', 178);
INSERT INTO `product` VALUES (251005034559, '新国标电动车配件A系列座垫套A30c/a40c隔热坐垫套电瓶车防晒垫', 8.61);
INSERT INTO `product` VALUES (251005109937, '电动车座垫套通用BA30c406080电瓶车隔热坐垫套防水配件', 7.9);
INSERT INTO `product` VALUES (251005379293, '适九9号电动车N70C/E100/E125/N80透气坐垫座垫舒适防晒网格座套', 14.8);
INSERT INTO `product` VALUES (251343231273, '小米电瓶车c/b/e系列后轮保护条挡泥板改装电摩配件小牛通用', 8.55);
INSERT INTO `product` VALUES (251343418656, '新国标电动车自行车挂包防水置物电摩电动车通用适用挂包前置', 23.75);
INSERT INTO `product` VALUES (251373698501, '啄木鸟纯棉运动套装女2022夏新款短袖短裤健身跑步晨跑休闲两件套', 88);
INSERT INTO `product` VALUES (251749288610, '【带证书】正品缅甸天然冰种翡翠飘绿浅绿玉手镯玉石女送礼生日礼', 98);
INSERT INTO `product` VALUES (251751607523, '【带证书】正品缅甸天然冰种油青玉手镯翡翠手镯a货玉石女款送礼', 66.6);
INSERT INTO `product` VALUES (252190093949, '生花生米特价批发去壳白沙花生新货农家自种手剥花生米3斤5斤装', 21.49);
INSERT INTO `product` VALUES (253085631037, '正品天然缅甸翡翠老坑冰种飘花玉手镯女款带证书a玉石送礼送妈妈', 102.09);
INSERT INTO `product` VALUES (253468947022, '适用惠普HP Laserjet P1108硒鼓墨盒HP P1106易加粉碳粉盒晒鼓', 26.63);
INSERT INTO `product` VALUES (253534110087, '适用佳能lbp2900硒鼓L11121E MF4010b mf4012b 墨盒 Canon CRG303', 26.9);
INSERT INTO `product` VALUES (253536891017, '适用联想M7400墨粉盒7400Pro硒鼓 联想M7400W碳粉盒LT2451 LT2441', 26.8);
INSERT INTO `product` VALUES (253649390777, '适用于华为mate40pro全胶陶瓷钢化膜mate40手机膜全覆盖e防摔保护', 16.8);
INSERT INTO `product` VALUES (253661199063, '适用于华为mate30pro全胶陶瓷钢化膜30epro手机膜全覆盖g防摔保护', 16.8);
INSERT INTO `product` VALUES (254114934591, '【大促销】正品缅甸老坑翡翠冰种飘花玉手镯真玉天然玉石送礼自戴', 146);
INSERT INTO `product` VALUES (254256267907, '适用于小米11全胶陶瓷钢化膜mi11pro手机膜全覆盖11Ultra防摔保护', 16.8);
INSERT INTO `product` VALUES (255281469792, '网上打印资料文件书籍复印试卷文档打印装订成书籍复印资料包邮', 1.27);
INSERT INTO `product` VALUES (256882657506, '【带证书】缅甸天然老坑冰种油青翡翠色手镯淡绿飘花翡翠手镯女款', 68);
INSERT INTO `product` VALUES (257054312905, '送护理液】kelala可拉啦美瞳隐形眼镜半年抛爆款黑色学生大直径女', 15.9);
INSERT INTO `product` VALUES (257552302942, '苹果12钢化膜iPhone11手机膜防窥xs/xr全屏promax绿6/7/8Plus蓝光', 11.8);
INSERT INTO `product` VALUES (258004125674, '台式小电脑桌子椅子一套电竞桌套装简易家用学生书桌学习桌笔记本', 96);
INSERT INTO `product` VALUES (258579551447, '天然翡翠佛公玉观音平安扣金枝玉叶玉如意四季豆玉葫芦玉吊坠挂坠', 38.8);
INSERT INTO `product` VALUES (258693688604, '正品翡翠手镯飘花紫罗兰贵妃正圈春彩玉手镯a热卖送礼翡翠直播', 30);
INSERT INTO `product` VALUES (258939769555, '宜关茶叶普洱茶熟茶饼百年古树茶陈年经典班章云南七子饼茶357g', 209);
INSERT INTO `product` VALUES (259142110997, '高中生大容量书包女学生校园韩版背包初中生15.6寸电脑包双肩包女', 50.15);
INSERT INTO `product` VALUES (259177903687, '95度医用酒精火疗拔罐酒精灯燃烧工业清洁消毒95%乙醇消毒液酒精', 5.88);
INSERT INTO `product` VALUES (259426245461, '75度医用酒精消毒液家用衣物杀菌消毒水免手洗消毒喷雾乙醇500ml【1月12日发完】', 15.8);
INSERT INTO `product` VALUES (260139594640, '高颜值书包女ins森系百搭古风出中学生高中大容量韩版双肩包潮', 29.92);
INSERT INTO `product` VALUES (261240797219, '家用玻璃冷水壶带龙头可放冰箱冷饮品柠檬果茶桶冷泡茶容器凉水瓶', 22.9);
INSERT INTO `product` VALUES (261891834904, '9.9两罐小龙虾尾罐头海鲜熟食麻辣批发即食虾球网红零食小吃罐装', 10.8);
INSERT INTO `product` VALUES (262378069860, '天然猪肠衣羊肠衣自制灌香肠工具家用食品级肠子衣红腊肠香肠调料', 6.88);
INSERT INTO `product` VALUES (263407994859, '俞兆林电热毯单人双人褥子加大双控调温家用防水学生宿舍自动断电', 26.9);
INSERT INTO `product` VALUES (263463954711, '俞兆林水暖毯单人双人电褥子加大双控调温家用防水学生宿舍无辐射', 67.09);
INSERT INTO `product` VALUES (263690488153, '实木餐椅家用桌椅凳子靠背椅子简约书房久坐学习椅中式饭店餐厅椅', 55.1);
INSERT INTO `product` VALUES (264134018566, '西部牛仔帽女抽绳渔夫帽男夏季度假大檐防晒太阳帽户外钓鱼登山帽', 12.9);
INSERT INTO `product` VALUES (264259437115, '即食麻辣鱿鱼仔带籽零食批发新鲜满籽香辣墨鱼仔炭烤海鲜休闲小吃【12月24日发完】', 9.9);
INSERT INTO `product` VALUES (264295785592, '实木书桌椅靠背椅子家用餐桌凳子简约书房电脑学生写字久坐学习椅', 68);
INSERT INTO `product` VALUES (264646538565, '实木椅子轻奢餐椅家用凳子靠背椅北欧现代简约休闲网红餐厅餐桌椅', 105);
INSERT INTO `product` VALUES (264867946842, '实木餐椅轻奢餐桌椅子家用简约现代凳子靠背椅北欧意式科技布皮椅', 105);
INSERT INTO `product` VALUES (265140146986, '书包女学生韩版可爱卡通印花小学生3-4-5-6年级大容量校园双肩包', 59);
INSERT INTO `product` VALUES (265404537962, '新国标电动车新C40lite/c65lite/c90坐垫套座椅套防晒隔热改装', 8);
INSERT INTO `product` VALUES (265626287267, '书柜书架置物架书桌一体组合儿童女孩男孩小学生家用写字学习桌子', 87);
INSERT INTO `product` VALUES (265646479377, '电脑桌台式电竞桌子家用桌椅组合简约现代简易卧室办公桌学生书桌', 96);
INSERT INTO `product` VALUES (265848108073, '书包女小学生4-6年级可爱卡通印花大容量初中生校园防泼水双肩包', 56.99);
INSERT INTO `product` VALUES (265959196396, '品牌隐形眼镜美瞳半年抛5副月抛季抛舒服近视自然素颜大小直径', 11.13);
INSERT INTO `product` VALUES (266164824149, '高端运动服女跑步宽松运动套装男晨跑情侣休闲新款春秋时尚本命年', 336);
INSERT INTO `product` VALUES (266935961939, '全实木椅子餐椅家用凳子靠背椅简约现代中式餐厅木头椅饭店餐桌椅', 53);
INSERT INTO `product` VALUES (267185780781, '巴布豆男童鞋儿童运动鞋2021新款春秋款百搭网布透气软底中大童鞋', 69.9);
INSERT INTO `product` VALUES (267561157942, '【带证书】缅甸天然老坑冰种翡翠手镯紫罗兰冰糯种满圈紫玉镯女款', 82.2);
INSERT INTO `product` VALUES (267748914876, '浦利顿辅食机宝宝辅食机家用婴儿辅食机料理机研磨搅拌机打泥机', 78);
INSERT INTO `product` VALUES (267759778819, '【清仓】冬季新款棉裤男加绒加厚保暖裤打底绒裤毛裤高腰护腰护膝', 17.87);
INSERT INTO `product` VALUES (268021202883, '巴布豆女童鞋儿童运动鞋春秋款2021新款百搭网鞋透气中大童女孩子', 59.5);
INSERT INTO `product` VALUES (268307833185, '美国浦利顿辅食机宝宝家用婴儿辅食机工具料理机研磨搅拌机打泥机', 109);
INSERT INTO `product` VALUES (268347700973, '啄木鸟纯棉运动服套装女长袖2022秋装新款减龄卫衣休闲跑步两件套', 108);
INSERT INTO `product` VALUES (268660644314, '巴布豆男童鞋儿童鞋子运动鞋2021新款女童春秋款中大童皮面软底潮', 59.8);
INSERT INTO `product` VALUES (269143821214, '美国浦利顿(PLODON)婴儿辅食机无线打泥搅拌绞肉绞蒜料理机充电款', 139);
INSERT INTO `product` VALUES (269344382213, '冰箱冷水壶玻璃果汁罐饮料桶可乐桶带龙头加厚夏季水果茶壶大容量', 19.7);
INSERT INTO `product` VALUES (269351193824, '耐高温歇茶饮料桶大容量带龙头商用玻璃柠檬果茶奶茶冷饮扎啤酒桶', 49.9);
INSERT INTO `product` VALUES (269384954825, '保暖内衣男高领加绒加厚发热中领高档秋衣秋裤套装薄款青年冬季', 69);
INSERT INTO `product` VALUES (269395679792, '番茄酱沙拉酱甜辣酱黑胡椒酱低蔬菜卡手抓饼酱0水果三明脂肪轻食', 5.45);
INSERT INTO `product` VALUES (269789609717, '小学生书包女3-5-6年级学院风小清新校园韩版背包大容量双肩包女', 59);
INSERT INTO `product` VALUES (270162661563, '小西服网纱印花连衣裙两件套女秋装2021新款高档洋气薄款套装裙子', 218);
INSERT INTO `product` VALUES (270507409828, '宜关早春老班章普洱茶熟茶饼云南七子饼勐海古树茶非特级茶叶批发', 198);
INSERT INTO `product` VALUES (271633018019, 'WIFI隐藏式usb行车记录仪超高清2021新款前后双录24小时停车监控', 125);
INSERT INTO `product` VALUES (271849447031, '【66.24元抢18781件，抢完恢复72元】USB通用隐藏式行车记录仪最新款超高清2021款前后双录免安装夜视', 66.24);
INSERT INTO `product` VALUES (271989291985, '巴布豆女童鞋子女孩百搭学生儿童运动鞋2021新款网鞋春秋款老爹鞋', 69.8);
INSERT INTO `product` VALUES (272153485912, '【1.15元抢9954件，抢完恢复2.3元】大降价超亮LED灯泡玉米灯节能灯家用客厅灯卧室灯水晶灯白光暖光', 1.15);
INSERT INTO `product` VALUES (272201372850, '巴布豆男童鞋子儿童运动鞋二棉2021新款中大童休闲鞋波鞋软底', 59);
INSERT INTO `product` VALUES (272837812523, '秋冬季棉拖鞋女可爱毛绒情侣室内家居家用厚底防滑包跟保暖男冬天', 12.9);
INSERT INTO `product` VALUES (272848319753, '买一送一棉拖鞋男女士加厚冬防滑简约保暖冬季情侣居家毛毛棉拖鞋', 13.8);
INSERT INTO `product` VALUES (273296705661, '巴布豆儿童鞋子男童运动鞋秋款2021新款男孩软底透气中大童百搭鞋', 79.8);
INSERT INTO `product` VALUES (273658349912, '野生海捕蟹钳鲜活冷冻梭子蟹腿大螃蟹脚新鲜蟹钳子连云港蟹钳批发', 36.6);
INSERT INTO `product` VALUES (273717509896, '原神号自抽号官服钟离宵宫万叶甘雨雷神妮露草神纳西妲成品账号魈', 0.8);
INSERT INTO `product` VALUES (273770062200, '【高档一体绒】冬款新款加绒加厚男式保暖衬衫男士中老年休闲男装', 69);
INSERT INTO `product` VALUES (274550763542, '【官方正品】 烟台长城酝美甜红葡萄酒红酒整箱750ml*6', 118);
INSERT INTO `product` VALUES (274576235663, '宜关普洱茶饼熟茶宫廷班章黄金芽陈年勐海古树茶云南七子饼茶357g', 309);
INSERT INTO `product` VALUES (274602664874, '宜关普洱茶饼熟茶普洱红色烫金老班章浓香型特级古树云南七子饼茶', 329);
INSERT INTO `product` VALUES (275172700854, '新国标电动车E80E100/E125/E200脚踏脚踢贴纸防水贴膜装饰改装', 21.27);
INSERT INTO `product` VALUES (275219358911, '秋冬季可任意裁剪鞋垫长条加绒加厚毛毡保暖鞋垫儿童棉鞋垫', 3.5);
INSERT INTO `product` VALUES (275369065772, '【10罐】五香带鱼罐头下饭菜香辣海鲜熟食罐装黄花鱼1罐', 24.8);
INSERT INTO `product` VALUES (275440996480, '全实木餐椅靠背椅子家用凳子简约现代中式木头书桌饭店餐厅餐桌椅【9月30日发完】', 65);
INSERT INTO `product` VALUES (275872974964, '德国SPB宝宝辅食机家用婴儿辅食机工具多功能料理机研磨搅拌机', 88.99);
INSERT INTO `product` VALUES (276350315663, '小学生书包女3-5-6年级可爱开通猫咪印花初中生大容量校园双肩包', 69);
INSERT INTO `product` VALUES (277565683028, '壹团火 大号暖身贴暖足贴暖宝宝贴自发热帖暖宫贴保暖贴关节热贴', 2.09);
INSERT INTO `product` VALUES (278462706078, '宜关茶叶普洱茶熟茶饼老班章陈年古树熟普勐海云南七子饼茶357g', 109);
INSERT INTO `product` VALUES (278634024323, '【4罐巨划算】油浸蟹黄酱蟹膏即食海鲜酱螃蟹酱拌饭拌面酱1罐头', 9.9);
INSERT INTO `product` VALUES (279351248569, '啄木鸟雪纺衬衫女长袖2021秋季新款洋气衬衣百搭显瘦打底衫女加绒', 69);
INSERT INTO `product` VALUES (279579630566, '【官方正品】中粮长城甜红葡萄酒香逸浓甜型女士红酒批发整箱6瓶', 119);
INSERT INTO `product` VALUES (280016463050, '宜关茶叶普洱茶饼熟茶古树普洱生茶人生百态醇雅勐海云南七子病', 99);
INSERT INTO `product` VALUES (280256659708, '台湾风味香肠调料烤肠料家用自制灌香肠料儿童肠猪羊肠衣包邮', 7.49);
INSERT INTO `product` VALUES (280368559125, '蚕丝自发热德绒保暖内衣女士秋衣秋裤套装男女加绒加厚男士秋冬季', 17.9);
INSERT INTO `product` VALUES (280380351872, '红曲米粉10g色素色粉烘焙红曲粉蛋糕原料食用红丝绒卤味专用天然', 3.8);
INSERT INTO `product` VALUES (280540801386, '【带证书】缅甸天然翡翠飘花手镯玉手镯冰种玉石女送礼送妈妈生日', 158);
INSERT INTO `product` VALUES (280595062136, '优妮氨基酸洗发乳果油洗护洗发水护发素补水滋养控油去屑柔顺蓬松', 39.9);
INSERT INTO `product` VALUES (281401931161, '自发热双面德绒保暖内衣男士女士秋衣秋裤套装男女加绒加厚秋冬季', 18.9);
INSERT INTO `product` VALUES (281661799361, '买一送一棉拖鞋女冬天防滑家用居家室内情侣月子保暖毛毛拖鞋男士', 8.99);
INSERT INTO `product` VALUES (281967155678, '小孩儿童蚕丝德绒无痕冬季保暖内衣套装男童女童秋衣秋裤宝宝加绒', 16.9);
INSERT INTO `product` VALUES (282079980466, '买一送一棉拖鞋女秋冬天室内居家居情侣可爱厚底毛拖家用男冬爆款', 13.8);
INSERT INTO `product` VALUES (282248474600, '冬季老北京布鞋女棉鞋中老年加绒保暖妈妈鞋牛筋软底防滑老人棉鞋', 98.8);
INSERT INTO `product` VALUES (284822155514, '新款被子固定器家用被套床单棉被无痕安全无针防跑被罩扣隐形神器', 1.13);
INSERT INTO `product` VALUES (284875964819, '壹团火暖贴暖宝宝贴暖身贴保暖贴自发热暖贴暖宝贴宫寒腰腹部热帖', 2);
INSERT INTO `product` VALUES (285226336806, '壹团火自发热暖手蛋暖宝宝贴暖手学生手握式迷你暖手宝替换发热芯', 1.09);
INSERT INTO `product` VALUES (285313947297, '苹果13钢化膜iPhone13pro手机膜全屏覆盖promax原装防摔保护mini', 14.8);
INSERT INTO `product` VALUES (285543817257, '美国浦利顿宝宝辅食机婴儿辅食机打泥搅拌绞肉绞蒜料理机企鹅款', 109);
INSERT INTO `product` VALUES (285983110740, '秋冬季直筒裤女垂感高腰显瘦阔腿弹力黑色加绒西装长裤工装休闲裤', 59);
INSERT INTO `product` VALUES (286189700411, '壹团火暖手神器暖手宝暖手袋可爱暖宝宝贴随身暖手蛋替换芯自发热', 2.09);
INSERT INTO `product` VALUES (286333551816, '西域 骆驼男鞋真皮户外休闲加绒加厚高帮保暖秋冬东北雪地靴防水', 188);
INSERT INTO `product` VALUES (286524685631, '英国飞米宝宝辅食机婴儿辅食机家用小型破壁机打泥机绞肉料理机', 89);
INSERT INTO `product` VALUES (286586696128, '晶钢门厨房吊柜壁柜挂墙式置物柜子家用收纳储物柜阳台卫生间橱柜', 86);
INSERT INTO `product` VALUES (286598026291, '玻璃门厨房吊柜壁柜墙上储物柜壁挂式卧室阳台浴室厨房橱柜吊柜', 169.99);
INSERT INTO `product` VALUES (286607777529, '晶钢门厨房吊柜墙壁柜挂墙式置物柜子阳台卧室卫生间壁橱储物柜', 86);
INSERT INTO `product` VALUES (286849036714, '吊柜墙壁柜厨房客厅挂柜卧室墙上储物柜卫生间收纳柜阳台浴室墙柜', 54);
INSERT INTO `product` VALUES (287198798748, '啄木鸟高档加绒加厚抓绒衣摇粒绒外套女士上衣户外冲锋衣内胆保暖', 73);
INSERT INTO `product` VALUES (287341262855, '厨房吊柜壁柜橱柜墙上挂柜置物柜子卧室顶柜阳台卫生间挂式储物柜', 150);
INSERT INTO `product` VALUES (287419349603, '书桌书架一体桌家用卧室男孩女孩桌椅组合学习桌儿童游戏写字桌子', 90);
INSERT INTO `product` VALUES (287473055046, '杰米尼儿童鞋男童鞋运动鞋秋冬款2021新款软底皮面加绒棉鞋中大童', 39.33);
INSERT INTO `product` VALUES (288205139481, '浦利顿婴儿摇奶器电动自动奶粉搅拌器宝宝调奶器摇奶粉神器匀奶器', 138);
INSERT INTO `product` VALUES (288795855264, '秋冬季开衫毛衣女外套小众外穿秋冬季新款chic韩系温柔风针织开衫', 34.5);
INSERT INTO `product` VALUES (289010176100, '真软皮粗跟妈妈鞋秋冬新款防滑耐磨真皮压花橡胶软底加绒网红棉靴', 83.98);
INSERT INTO `product` VALUES (289171878333, '儿童学习桌家用书桌小学生书桌写字桌椅套装家用课桌椅组合电脑桌', 86);
INSERT INTO `product` VALUES (289937549729, '宜齿洁 儿童牙线宝宝剔牙线超细牙签线家庭装一次性牙线棒', 6.9);
INSERT INTO `product` VALUES (290351550544, '【60包一年装】漫花抽纸巾卫生纸整箱批发家用餐巾纸抽10包面巾纸', 10.8);
INSERT INTO `product` VALUES (293288507483, '2022冬季新款加绒加厚真皮坡底羊毛冬季女鞋橡胶防滑耐磨软底女靴', 98.8);
INSERT INTO `product` VALUES (294897228627, '苹果14/13防窥钢化膜iPhone12/11Pro气囊手机膜xr/xsmax防摔保护', 14.8);
INSERT INTO `product` VALUES (294936205085, '苹果14/13防窥钢化膜iPhone12/11手机膜promax防偷窥xr防摔保护xs', 13.9);
INSERT INTO `product` VALUES (295230753890, '儿童书架置物架落地储物柜卧室玩具收纳柜客厅简易小型组合书柜', 103);
INSERT INTO `product` VALUES (296263889646, '豆浆过滤网超细超密水果蔬菜汁葡萄酒渣过滤袋厨房挤馅袋挤菜馅布', 8.9);
INSERT INTO `product` VALUES (296468708232, '密封泡酒玻璃瓶自酿米酒果酒瓶青梅酒罐酒桶空瓶青梅汁酿酒罐容器', 24.75);
INSERT INTO `product` VALUES (296686994224, '一次性三层蓝粉黑白色口罩女高颜值防尘防晒透气成人学生口罩批发', 6);
INSERT INTO `product` VALUES (296816640514, '皮革餐垫轻奢高级杯垫防水防油免洗餐桌隔热垫现代简约圆形ins风', 13.8);
INSERT INTO `product` VALUES (297490887214, '啄木鸟短款羽绒服2022新款春秋立领羽绒服马甲女白鸭绒连帽外套', 138);
INSERT INTO `product` VALUES (297491796143, '啄木鸟羽绒服短外套女2022秋冬新款红色羽绒马甲女白鸭绒简约上衣', 143);
INSERT INTO `product` VALUES (298610795265, '啄木鸟高档绵皮外套新款女秋冬羊羔毛小个子皮毛一体皮衣加绒加厚', 88);
INSERT INTO `product` VALUES (298823945811, '棉拖鞋女冬季居家厚底家居棉拖2021年新款秋冬天室内家用情侣毛男', 25.99);
INSERT INTO `product` VALUES (298846635695, '实木厨房吊柜墙壁挂柜挂墙式置物柜卧室卫生间收纳柜阳台储物柜子', 174.99);
INSERT INTO `product` VALUES (299690997096, 'ins韩版背包斜挎包女学生百搭出去玩酷潮简约小众跨包上课包耐磨', 26.6);
INSERT INTO `product` VALUES (302094755142, '厨房吊柜墙壁柜壁挂式卧室墙上储物柜铝合金玻璃门阳台卫生间墙柜', 174.14);
INSERT INTO `product` VALUES (302190579446, '拼色慵懒风菱形格毛衣外套女2022秋冬宽松外套复古日系针织开衫女', 34.5);
INSERT INTO `product` VALUES (302466550708, '2023兔年春节烫金金字年画对联家用福字门贴新年春联年货厂家批发', 0.7);
INSERT INTO `product` VALUES (302899447829, '书包女学生韩版ins森系高中初中生大容量学院风15.6英寸双肩包女', 59);
INSERT INTO `product` VALUES (303232939062, '羊脂白玉纯天然正品玉手镯和田玉手镯转运学生少女玉镯送妈妈礼物', 88);
INSERT INTO `product` VALUES (303271391134, '2022植绒对联高档撒金大全批发农村大门虎年春节家用宿舍寝室城市', 5.9);
INSERT INTO `product` VALUES (303301501485, '春节2022虎年烫金金字年画对联家用福字门贴新年春联年货厂家批发', 17.6);
INSERT INTO `product` VALUES (303311182382, '苹果12防窥钢化膜iPhone12pro手机膜防偷窥promax防摔保护膜mini', 15.8);
INSERT INTO `product` VALUES (303766705900, '苹果12防窥钢化膜iPhone12pro手机膜防偷窥promax原装防摔保护膜', 13.9);
INSERT INTO `product` VALUES (304180853565, 'ipad钢化膜新款2021/2020平板10.2寸air234蓝光mini6/5苹果9.7pro', 15.8);
INSERT INTO `product` VALUES (304231628471, '被子固定器新款定位扣被套床单棉被无痕安全无针防跑被罩隐形神器', 2.61);
INSERT INTO `product` VALUES (305561334804, '一次性口罩白色口罩女高颜值黑色耳带绳学生夏季薄款三层防护口罩', 5.5);
INSERT INTO `product` VALUES (306115679301, '2023兔年新春新年植绒洒金粉对联春联家用防盗门贴门对农村装饰品', 3.8);
INSERT INTO `product` VALUES (306233259768, '实木厨房吊柜墙壁柜墙上储物柜壁挂式卫生间阳台柜子铝合金玻璃柜', 168.2);
INSERT INTO `product` VALUES (307346067473, 'ins韩版克莱因蓝背包斜挎包女学生百搭出去玩简约小众格子上课包', 26.6);
INSERT INTO `product` VALUES (307351651565, '嘉城家用筷子笼免打孔筷筒沥水加厚厨房大容量餐具汤勺收纳盒澄亮', 28);
INSERT INTO `product` VALUES (307453482406, '瑞本德国品质智能家用破壁机免泡豆免过滤一机多用辅食果汁豆浆机', 239);
INSERT INTO `product` VALUES (307822130612, '免打孔晾衣架太空铝伸缩折叠晾衣杆阳台卫生间壁挂式伸缩隐形衣架', 35.9);
INSERT INTO `product` VALUES (307939141586, '2022虎年新年高档植绒对联套装批发大礼包春节家用春联门神福字', 1.8);
INSERT INTO `product` VALUES (308385220347, '现剥新花生米生新货特级粉皮新鲜大粒花生米不带壳榨油白沙花生仁', 4.07);
INSERT INTO `product` VALUES (308592609870, '2022年虎年春联对联大全植绒对联大门家用春联对联绒布对联批发', 8.8);
INSERT INTO `product` VALUES (310415973613, '全实木椅子靠背椅餐椅家用现代简约木头中式书桌椅凳子餐厅餐桌椅', 55.1);
INSERT INTO `product` VALUES (310892618229, '全实木椅子餐椅家用靠背椅凳子现代简约中式书房学习椅餐厅餐桌椅', 55.69);
INSERT INTO `product` VALUES (311350608237, '实木餐椅家用餐桌椅子靠背椅凳子现代简约中式木头椅书房餐厅木椅【9月30日发完】', 58);
INSERT INTO `product` VALUES (311350994512, '八字拉力器瑜伽弹力带弹力绳开肩美背瘦身家用健身男女肩颈拉伸器', 21.9);
INSERT INTO `product` VALUES (312393756334, '苹果7/8钢化膜iPhone6/6S全屏覆盖7P抗蓝光plus高清原装8plus防摔', 13.9);
INSERT INTO `product` VALUES (312678201284, '肠衣猪肠衣羊肠衣自制灌香肠工具家用可食用肠子衣红腊肠香肠调料', 6.88);
INSERT INTO `product` VALUES (312683618579, '韩国ins风小众简约百搭大学生双肩包女 高中学生书包大容量背包潮', 32.9);
INSERT INTO `product` VALUES (313297697490, '软针被子固定器家用被套床单棉被无痕安全无针防跑被罩扣隐形神器', 1.91);
INSERT INTO `product` VALUES (313741073537, '实木餐椅家用餐桌椅子轻奢现代简约软包靠背椅凳子北欧餐厅网红椅', 105);
INSERT INTO `product` VALUES (313809391812, '打印资料彩色复印a4黑白快印彩印图文A3印刷书本装订网上试卷打印', 1.02);
INSERT INTO `product` VALUES (314192987817, '书包女ins森系百搭小众不撞款韩版大学生简约百搭高中学生双肩包', 32.85);
INSERT INTO `product` VALUES (316035334738, '四层加厚成人男女口罩一次性防护高效防尘口罩四层透气口罩批发', 12.8);
INSERT INTO `product` VALUES (316258964459, '初中学生书包大容量2022年新款韩版小清新印花双肩包女森系学院风', 89);
INSERT INTO `product` VALUES (316977202848, '日系ins风高颜值少女高中学生书包女韩版原宿不撞款双肩包大容量【11月17日发完】', 29.96);
INSERT INTO `product` VALUES (317194923259, '巴布豆儿童鞋子男童运动鞋2022春秋季新款小学生男孩防臭透气网面', 59);
INSERT INTO `product` VALUES (317462206740, '实木椅子靠背椅餐椅家用书桌椅凳子Z椅书房电脑椅学生写字学习椅', 68);
INSERT INTO `product` VALUES (318050489736, '无针被子固定器防划被套罩床单夹子防滑脱不冰卡扣防脱被子厚被子', 7.61);
INSERT INTO `product` VALUES (318119706728, '美的Midea婴儿恒温调奶器热奶器1.2L 母婴冲泡奶粉神器小皇冠水壶', 329);
INSERT INTO `product` VALUES (318954719077, '初中学生书包女ins森系百搭可爱清新双肩包2022年新款韩版学院风', 89);
INSERT INTO `product` VALUES (319335619558, '八字拉力器瑜伽弹力带弹力绳开肩美背瘦身家用健身男女肩颈拉伸器', 24.9);
INSERT INTO `product` VALUES (319578405127, '防低头族神器颈托护颈家用理疗办公室简易颈椎脖子前倾矫正器固定', 29.9);
INSERT INTO `product` VALUES (321205019127, '打印资料复印彩色a4黑白彩印图文快印A3印刷书本装订成册网上包邮', 0.5);
INSERT INTO `product` VALUES (321401907310, '宜关茶叶御品班章熟茶普洱茶饼正宗特级云南勐海古树茶叶整箱批发', 199);
INSERT INTO `product` VALUES (322465929510, '2022秋冬新款拼色小熊开衫女韩版宽松懒庸学院风针织开衫毛衣加厚', 65.49);
INSERT INTO `product` VALUES (322920200961, '【官方正品】长城 东方系列 雷司令半甜白葡萄酒甜型葡萄酒双支', 85);
INSERT INTO `product` VALUES (323024244439, '啄木鸟棉袄外套羽绒棉服女短款2022年冬装新款妈妈装短款加厚棉衣', 158);
INSERT INTO `product` VALUES (323178646207, '电线收纳器固线器收纳整理电线挂钩桌面墙面万能自粘强力胶理线器', 5.88);
INSERT INTO `product` VALUES (323802015200, '【60包一年加量装】原木抽纸整箱批发家用可湿水纸巾1包实惠装', 2.98);
INSERT INTO `product` VALUES (324004964192, '苹果XR钢化膜iPhonex/xs手机膜全屏覆盖原装防指纹xsmax防摔保护', 13.9);
INSERT INTO `product` VALUES (324201098521, '【400张/大包加厚】原木抽纸巾整箱批发家用卫生纸餐巾纸厂家直销', 2.98);
INSERT INTO `product` VALUES (324643736893, '苹果11钢化膜iPhone手机膜全屏覆盖promax原装防指纹防摔保护pro', 14.8);
INSERT INTO `product` VALUES (324938427639, '中学生书包女大容量小清新印花双肩包2022年新款背包流行时尚百搭', 86.99);
INSERT INTO `product` VALUES (325044646288, '挂钩无痕免打孔墙上墙面强力自粘厨房无死角多功能收纳高粘度粘钩', 5.86);
INSERT INTO `product` VALUES (325155287460, '苹果12陶瓷钢化膜iPhone12pro手机膜promax全屏原装防摔保护mini', 14.8);
INSERT INTO `product` VALUES (325420801130, '高颜值书包女ins森系百搭大容量韩版大学生高中初中学生双肩背包', 44.8);
INSERT INTO `product` VALUES (325548425189, '拖把架免打孔拖把夹拖把挂钩卫生间挂架神器强力壁挂收纳承重厨房', 10.88);
INSERT INTO `product` VALUES (325903120375, '精品生蚝鲜活新鲜海蛎子特大海鲜牡蛎贝壳即食水产批发1箱', 24.32);
INSERT INTO `product` VALUES (325970261411, '古风扇子团扇中国风夏季舞蹈古典古装宫廷汉服女式长柄流苏小圆扇', 5.8);
INSERT INTO `product` VALUES (325970481651, '戒尺家法家用竹制竹条送教师礼物男女专用老师加厚教鞭教尺弟子规', 3.5);
INSERT INTO `product` VALUES (326118603057, '打印资料网上打印文件印刷书本复印试卷宣传册装订A4黑白彩印包邮', 5);
INSERT INTO `product` VALUES (326158459327, '啄木鸟2022春秋新款海宁绵羊皮PU皮皮衣中长款风衣夹克皮外套女', 105);
INSERT INTO `product` VALUES (326162443859, '【虎年大吉-超市同款抽纸】400张加量特大尺寸家用批发整箱纸巾', 26.9);
INSERT INTO `product` VALUES (326164201729, '初中学生书包女ins森系百搭大容量轻便小学生双肩背包2022年新款', 68.31);
INSERT INTO `product` VALUES (326905902256, '若如初见古风毛衣春秋新款V领针织上衣百搭宽松显瘦套头毛衣加厚', 29.6);
INSERT INTO `product` VALUES (327257891461, '戒尺教鞭家用国学弟子规竹条竹雕工艺品学生送女老师男教师礼物', 4.59);
INSERT INTO `product` VALUES (327855753789, '2022年春秋新品绣花甜美玫瑰手工钩花工艺花朵棒针毛衣加厚开衫女', 39.8);
INSERT INTO `product` VALUES (328382538046, '甘草片100片瓶装 润喉护嗓子干痒非止咳化痰嗽复方老牌子甘草含片', 18.9);
INSERT INTO `product` VALUES (328655767983, '小酥肉专用粉家用酥脆炸酥肉粉禾苏炸粉脆炸鸡排藕夹茄夹油炸裹粉', 8.88);
INSERT INTO `product` VALUES (329272948500, '巴布豆童鞋男童鞋子儿童运动鞋秋冬季新款小学生女孩保暖防水皮面', 59);
INSERT INTO `product` VALUES (329375909941, '网红蟹黄锅巴蟹香咸蛋黄锅巴糯米锅巴整箱散装小包装手工休闲零食', 4.18);
INSERT INTO `product` VALUES (329465426830, '脸盆架卫生间置物架自粘壁挂墙毛巾不锈钢挂钩免打孔洗脸盆收纳架', 5.8);
INSERT INTO `product` VALUES (329730084269, '【妙杀中】一次性洗脸巾抽取式湿巾面巾加大加厚洗脸毛巾擦脸巾', 5.88);
INSERT INTO `product` VALUES (329909605899, '啄木鸟卫衣女士2022年春秋新款百搭宽松长袖休闲圆领上衣运动服女', 68);
INSERT INTO `product` VALUES (330057976904, '一次性口罩成人日常防护口罩透气三层加厚口罩防飞沫防尘熔喷布【1月13日发完】', 12.8);
INSERT INTO `product` VALUES (330242914676, '博士伦隐形眼镜清朗月抛6片进口高透氧有度数近视不伤眼男女适应', 35.94);
INSERT INTO `product` VALUES (330281625604, '全实木椅子靠背椅餐椅家用简约现代中式木头书桌椅餐厅餐桌椅凳子', 58);
INSERT INTO `product` VALUES (330692587165, '双面蟹黄锅巴蛋黄锅巴糯米独立包装整箱散装手工特产办公休闲零食', 5.8);
INSERT INTO `product` VALUES (331034185331, '【御品一园】羊角蜜甜瓜精品装山东头茬净重2.8斤4.5斤单果350g起', 26.8);
INSERT INTO `product` VALUES (331688069571, '加厚衣服被子搬家打包袋外出手提收纳袋防潮防水大容量行李旅行袋', 9.9);
INSERT INTO `product` VALUES (331707649375, '【御品一园】玉露香梨礼盒装山西正宗新鲜脆甜净重4.5斤8.5斤梨子', 36.8);
INSERT INTO `product` VALUES (331723245907, '香梨礼盒装运城红香酥单果120g以上净重4.5斤8.5斤', 21.9);
INSERT INTO `product` VALUES (331939202591, '黄色爱心小香风毛衣女短袖2022年春季新款设计感甜美别致针织上衣', 29.6);
INSERT INTO `product` VALUES (332152528942, '豆浆过滤网超细厨房果汁过滤布奶茶葡萄酒咖啡过滤神器无渣过滤袋', 7);
INSERT INTO `product` VALUES (332174206071, '【超市同款大规格】抽纸5层加厚家用纸巾整箱批发卫生餐巾纸420张', 33.9);
INSERT INTO `product` VALUES (332848028192, '【6元抢100000件，抢完恢复8.55元】双层宽扁松紧带高弹力耐用进口橡皮筋裤腰婴儿袖口收紧捆绑绳批发', 6);
INSERT INTO `product` VALUES (332900990373, '高档纸盒各类纸盒外包装盒定制彩盒印刷白卡瓦楞定做免费设计批发', 2);
INSERT INTO `product` VALUES (333271871507, '天然新疆和田玉羊脂级白玉手链手串圆珠老型单圈玉珠男女款送礼物', 19.9);
INSERT INTO `product` VALUES (333329777426, '新疆长绒棉100%纯棉夏季男士背心男青年紧身弹力打底修身男装运动', 7.9);
INSERT INTO `product` VALUES (333411541501, '巴布豆男童凉鞋防臭沙滩鞋小童男凉鞋中大童夏季新款儿童软底凉拖', 59);
INSERT INTO `product` VALUES (333745292212, '巴布豆男童鞋2022春夏季款网面跑步鞋中大童儿童鞋休闲透气运动鞋', 59);
INSERT INTO `product` VALUES (333758276294, '巴布豆男童运动鞋子2022春秋新款韩版运动鞋中大童网面透气跑步鞋', 69);
INSERT INTO `product` VALUES (334045482900, '【21年新货】新鲜大粒花生米粉红皮花生米当季新白沙生花生批发', 8.6);
INSERT INTO `product` VALUES (334205484476, '小酥肉专用粉家用酥脆炸酥肉粉禾苏炸粉脆炸鸡排藕夹茄夹油炸裹粉', 8.88);
INSERT INTO `product` VALUES (335157017981, '浦利顿婴儿辅食机多功能绞肉搅拌榨汁打泥小型迷你儿童宝宝料理机', 169);
INSERT INTO `product` VALUES (335690979487, '速干透气新款男士短袖T恤套装男休闲运动服短裤家居服睡衣睡裤男', 12.99);
INSERT INTO `product` VALUES (335895349414, '宜齿洁 经典细滑护理牙缝剔牙牙线家庭装一次性宽阔弓形牙线棒', 3.5);
INSERT INTO `product` VALUES (335969527650, '【60包特价】原木抽纸整箱批发家用实惠婴儿新生儿纸巾卫生纸抽', 16.9);
INSERT INTO `product` VALUES (336810495395, '礼炮开工庆典开业大吉礼花乔迁之喜新居搬家仪式用品彩带喷花筒', 4.55);
INSERT INTO `product` VALUES (337174397811, '一到三年级书包8到9岁小学生双肩包2022年新款火箭宇航员背包儿童', 57.99);
INSERT INTO `product` VALUES (337521225943, '初中学生书包女ins森系百搭双肩包大容量高颜值背包2022新款流行', 89);
INSERT INTO `product` VALUES (338306399516, '扇子折扇中国风女式学生古风流苏夏季随身携带古装古代汉服小竹扇', 4.7);
INSERT INTO `product` VALUES (338364929681, '笔袋大容量双层铅笔盒男女生韩版简约小学初中高中可爱网红文具盒', 2.72);
INSERT INTO `product` VALUES (338547012626, '一次性口罩批发含熔喷布三层无纺布防护防尘透气成人学生厂家直销', 3.83);
INSERT INTO `product` VALUES (338916900519, '【真皮】西域 骆驼凉鞋男时尚夏季透气2022新款耐磨包头沙滩鞋男', 97.99);
INSERT INTO `product` VALUES (338968823897, '定做50D高密度海绵沙发垫加厚加硬红木飘窗垫床垫实木沙发垫坐垫', 0.47);
INSERT INTO `product` VALUES (339687047238, '【189元抢32件，抢完恢复229元】凡萨帝破壁机小型智能家用破壁机非静音榨汁料理机全自动豆浆机', 189);
INSERT INTO `product` VALUES (340560359188, '超大搬家收纳编织袋棉被打包袋特大容量无纺帆布行李袋加厚被子袋', 6.99);
INSERT INTO `product` VALUES (341004174401, '【21元抢100000件，抢完恢复25元】松紧带宽扁高弹加厚家用袖口裤腰裤子裙子弹力带裤头橡皮筋收缩带', 21);
INSERT INTO `product` VALUES (341898436854, '广场舞鞋绣花鞋内增高女鞋透气妈妈鞋老北京布鞋夏季新款汉服高跟', 68.56);
INSERT INTO `product` VALUES (342861504922, '如意摆件彩绘平安扣家居玄关酒柜客厅装饰品摆件乔迁新居开业礼品', 84);
INSERT INTO `product` VALUES (343394698043, 'eec鱼子酱多肽蛋白保湿五件套护肤品 补水修护水乳紧致孕妇女可用', 99);
INSERT INTO `product` VALUES (343897538343, '啄木鸟白色雪纺长袖衬衫女上衣超仙宽松荷叶边蕾丝衫时尚刺绣衬衣', 79);
INSERT INTO `product` VALUES (344216762341, '妇炎洁人体润滑油夫妻成人性用品阴道润滑剂房事快感强情趣润滑液', 69);
INSERT INTO `product` VALUES (344533749385, '2022新款莫兰迪色口罩女高颜值网红同款ins独立包装一次性口罩潮', 1.58);
INSERT INTO `product` VALUES (344605707045, '巴布豆男童运动鞋2022秋季新款网面透气儿童鞋子中大童跑步鞋潮鞋', 69);
INSERT INTO `product` VALUES (345504317631, '线组主线组正品进口尤尼吉可鱼线强拉力成品pe加固结黑坑竞技野钓', 9.31);
INSERT INTO `product` VALUES (345522073697, '野钓线组主线进口加固主线组正品斑点鱼线成品鱼线绑好全套鲫鱼线', 7.14);
INSERT INTO `product` VALUES (345933954764, '【超市加量大包】抽纸整箱批发家用纸巾卫生餐巾纸实惠装厂家直销', 2.88);
INSERT INTO `product` VALUES (346349289505, '白色袜子女夏可爱日系短袜春秋薄款纯棉底甜美潮低帮船袜女士短筒', 6.9);
INSERT INTO `product` VALUES (346710651822, '收纳架神器壁挂发带头绳首饰发箍发圈展示架壁挂式墙面免打孔挂钩', 5.88);
INSERT INTO `product` VALUES (346754425671, '二合一OTG转接头适用于typec安卓通用usb多功能手机平板U盘转接器', 16.8);
INSERT INTO `product` VALUES (346775975252, '诱姿内衣女莫代尔夏季新薄款少女蕾丝文胸学生三角杯胸罩内裤套装', 18.98);
INSERT INTO `product` VALUES (347071993995, '置物架免打孔萝卜收纳盒收纳壁挂浴室墙上置物架筷子篓沥水筷子筒', 5.88);
INSERT INTO `product` VALUES (347130575186, '挂钩免打孔无痕墙上墙面强力自粘厨房无死角收纳多功能高粘度粘钩', 5.88);
INSERT INTO `product` VALUES (347150604259, '冰凉贴降温降热夏季学生军训上课清凉贴防暑解暑提神手机退散热贴', 3.09);
INSERT INTO `product` VALUES (347189344378, '【真皮】西域 骆驼凉鞋男夏包头休闲透气大码软底镂空防滑网面鞋', 87.99);
INSERT INTO `product` VALUES (347297476117, '【真皮】西域 骆驼2022年新款夏季凉鞋男真皮潮流外穿运动沙滩鞋', 98);
INSERT INTO `product` VALUES (347309651544, '【真皮】西域 骆驼男鞋夏季包头凉鞋男魔术贴室外潮流包头沙滩鞋', 98);
INSERT INTO `product` VALUES (347314275171, '诱姿内衣女三角杯纯欲风蕾丝少女纯棉抗菌文胸套装纯色女学生胸罩', 15.16);
INSERT INTO `product` VALUES (347549273757, '儿童口罩一次性独立包装小学生三层含熔喷布透气防护幼儿园批发', 3.99);
INSERT INTO `product` VALUES (347663647856, '卤料包家庭卤小包装卤肉料包五香配方酱炖牛肉菜茶叶蛋调料包家用', 4.88);
INSERT INTO `product` VALUES (348080892467, '【正品】美白去颈纹凝胶颈膜绑带颈部放面膜敷脖子面膜固定带神器', 6.8);
INSERT INTO `product` VALUES (348088046099, '梳子女士清洁长发卷发气垫梳气囊按摩排骨梳家用便携儿童女孩梳头', 8.9);
INSERT INTO `product` VALUES (348496453696, '【正品】冰袖手套女夏开车防晒袖宽松透气护臂紫外线户外冰丝调节', 7.9);
INSERT INTO `product` VALUES (348996878009, '美瞳学生新款隐形眼镜半年抛爆款舒服不磨眼大小直径非离子自然', 8.9);
INSERT INTO `product` VALUES (350677432305, '库博光学隐形眼镜月抛6片装透明片有度数近视不伤眼原装进口', 39.9);
INSERT INTO `product` VALUES (351102381550, '75度医用酒精乙醇消毒液家用免洗手伤口皮肤消毒杀菌桶装防病毒', 10.8);
INSERT INTO `product` VALUES (351187483588, '卤料包卤料大全秘制炖肉调料家庭全套卤菜卤味卤蛋五香卤肉包家用', 4.88);
INSERT INTO `product` VALUES (352032723926, '内衣学生初中生高中生无痕女童小背心发育期少女防凸点秋上新薄款', 23.8);
INSERT INTO `product` VALUES (353267027007, '医用酒精75度消毒液皮肤消毒杀菌大桶装家用75度喷雾免手洗消毒液【1月12日发完】', 10);
INSERT INTO `product` VALUES (354169740267, '油刷带瓶耐高温家用厨房烙饼刷刷蜂蜜油刷子瓶调料瓶烧烤刷油神器', 5.88);
INSERT INTO `product` VALUES (354534544215, '饮料瓶喷头可乐雪碧通用园艺浇花家用喷雾器配件小型洒水喷嘴喷壶', 5.88);
INSERT INTO `product` VALUES (354580706537, '妇炎洁人体润滑油房事夫妻中老年润滑剂快感增强液成人情趣性用品', 48);
INSERT INTO `product` VALUES (355556928216, '包头拖鞋男真皮商务休闲皮鞋男无后跟正装半拖皮凉鞋英伦潮流凉拖', 143);
INSERT INTO `product` VALUES (356386495007, '妇炎洁本草抑菌妇科凝胶女便携女性私处清洗剂私密止痒护理液60ml', 39);
INSERT INTO `product` VALUES (356708300005, '松紧带双层宽扁高弹力耐用床笠橡皮筋裤腰婴儿袖口收紧捆绑绳批发', 21);
INSERT INTO `product` VALUES (356804192953, '广场舞鞋绣花鞋拼色绣鞋透气妈妈鞋老北京布鞋夏季新款汉服高跟', 39.45);
INSERT INTO `product` VALUES (357098955948, '古风扇子团扇儿童夏季半透长柄流苏小折扇古装女式汉服旗袍舞蹈扇', 7.8);
INSERT INTO `product` VALUES (357197196473, '75%酒精消毒液医用家用消毒杀菌免洗皮肤伤口清洁75度乙醇杀病毒', 3.63);
INSERT INTO `product` VALUES (357348077210, '妇炎洁润滑油成人房事性用品中老年夫妻情趣快感增强人体润滑液剂', 69);
INSERT INTO `product` VALUES (357360727504, '妇炎洁人体润滑油房事夫妻成人用品阴道润滑剂女用快感增强润滑液', 69);
INSERT INTO `product` VALUES (357384362493, '妇炎洁人体润滑油房事夫妻中老年润滑剂快感增强液成人情趣性用品', 69);
INSERT INTO `product` VALUES (357520345911, '高弹力松紧带双层宽扁耐用床笠橡皮筋裤腰婴儿袖口收紧捆绑绳辅料', 21.35);
INSERT INTO `product` VALUES (357891390608, '冲泡速食粥开水冲泡早餐大袋装多口味宵夜抗饿方便速食早餐免煮', 16.93);
INSERT INTO `product` VALUES (358991078167, '浦利顿辅食机婴儿宝宝料理机专用破壁打泥器多功能小型研磨器工具', 88);
INSERT INTO `product` VALUES (359118207424, '乔迁之喜对联装饰搬家新居布置入宅仪式用品进宅大吉新房入户门贴', 5.8);
INSERT INTO `product` VALUES (359339468468, '赠护理液】美瞳隐形眼镜爆款大美目黑大直径黑色自然款半年抛学生', 10.9);
INSERT INTO `product` VALUES (359345883885, '新款老北京布鞋女汉服绣花鞋中老年民族风防滑软底妈妈广场舞蹈鞋', 37.71);
INSERT INTO `product` VALUES (359351473348, '48色油性彩铅彩色铅笔儿童学生绘画笔24色36色美术素描画画笔套装', 21.88);
INSERT INTO `product` VALUES (359563362905, '啄木鸟冰丝polo衫女休闲套装短袖长裤夏季翻领时尚妈妈显瘦两件套', 58);
INSERT INTO `product` VALUES (359627300890, '扇子折扇中国风女式学生古风流苏夏季随身携带古装汉服小竹扇礼物', 6.8);
INSERT INTO `product` VALUES (359692247245, '75度医用酒精消毒液酒精家用皮肤消毒杀菌酒精喷雾75%乙醇免手洗', 8);
INSERT INTO `product` VALUES (359700866955, '75度医用酒精消毒液家用衣物杀菌消毒水免手洗消毒喷雾乙醇酒精【1月12日发完】', 8.63);
INSERT INTO `product` VALUES (360397649615, '烧烤调料撒料商用家用孜然粉椒盐全套秘制烤肉料烧烤粉刷蘸料腌料', 6.88);
INSERT INTO `product` VALUES (360917169868, '主线鱼线尤尼吉可鱼线柔软黑坑特级子线防缠超细强拉力进口钓渔线', 9.9);
INSERT INTO `product` VALUES (360927525442, '公牛led灯带灯条客厅吊顶长条线灯照明220v贴片柔性防频闪灯带', 9.9);
INSERT INTO `product` VALUES (361023182918, '尤尼吉可钓具有你即可斗战佛55米主线黑坑竞技钓线进口鱼线尼龙线', 29.9);
INSERT INTO `product` VALUES (361086530601, '尤尼吉可钓具有你即可碳氟线55米通用主子线钓鱼线渔线进口台钓线', 39.9);
INSERT INTO `product` VALUES (361348168916, '尤尼吉可钓具有你即可斗战王110m斑点蓝主线钓鱼线进口台钓线子线', 29.9);
INSERT INTO `product` VALUES (361497220454, '尤尼吉可钓具有你即可魔王主线斗战王子线110m变色隐形斑点线鱼线', 16.91);
INSERT INTO `product` VALUES (361702524086, '博士伦隐形眼镜半年抛睛莹两片装学生近视镜有度数透明片舒适轻薄', 52.9);
INSERT INTO `product` VALUES (361732741772, '尤尼吉可钓具有你即可伏虎55米主线黑坑竞技钓线进口钓鱼线尼龙线', 25.9);
INSERT INTO `product` VALUES (362626575913, '赠护理液】美瞳隐形眼镜彩色软性亲水镜硅水凝胶学生蓝色半年抛', 10.9);
INSERT INTO `product` VALUES (363089600077, '【特价】脆枣无核嘎嘣脆整箱香酥脆红枣独立包装灰枣零食特产批发', 22.88);
INSERT INTO `product` VALUES (365729315452, '脸盆收纳架挂钩卫生间浴室放盆神器壁挂免打孔多功能置物架脸盆架', 10.88);
INSERT INTO `product` VALUES (365850331477, '太空豆高档特级隐形硅胶太空豆套装顶豆全套漂座防缠套pe线竿稍结', 9.17);
INSERT INTO `product` VALUES (365909785496, '刻度铅高精度双芯铅皮座新款成品铅环保克度铅坠批发铅皮卷小配件', 7.83);
INSERT INTO `product` VALUES (365915453958, '尤尼吉可钓具有你即可高速8字环八字链接器高品质钓鱼垂钓小配件', 16.9);
INSERT INTO `product` VALUES (366966773227, '双层松紧带宽扁高弹力耐用床笠橡皮筋裤腰婴儿袖口收紧捆绑绳批发', 21);
INSERT INTO `product` VALUES (367640668353, '冰箱冷水壶带龙头凉水壶家用玻璃瓶柠檬饮料果汁壶水果茶桶容器', 24.65);
INSERT INTO `product` VALUES (367783331055, '木浆海绵洗碗擦家用吸水不沾油厨房洗碗海绵擦刷锅神器洗盘碗抹布', 5.88);
INSERT INTO `product` VALUES (368843831825, '玻璃泡酒专用酒瓶带龙头酒坛酒桶饮料网红啤酒果汁饮料可乐桶容器', 2.2);
INSERT INTO `product` VALUES (368989562744, '医用免洗洗手液凝胶酒精消毒液学生儿童医用家用办公户外酒精免洗', 3.6);
INSERT INTO `product` VALUES (370281995176, '浦利顿婴儿恒温调奶器热水壶保温多功能奶瓶消毒全自动摇奶三合一', 249);
INSERT INTO `product` VALUES (370628598461, '酒精75度大桶装医用消毒杀菌消毒液疫情专用室内75%乙醇酒精喷雾', 25.8);
INSERT INTO `product` VALUES (371983230327, '诱姿2022年夏季内衣女薄款大胸显小防下垂少女文胸套装学生文胸罩', 16.13);
INSERT INTO `product` VALUES (372101303049, '广场舞鞋绣花鞋内增高女鞋透气妈妈鞋老北京布鞋夏季新款汉服高跟', 39.54);
INSERT INTO `product` VALUES (372171783201, '金袖新关东子线双钩高灵敏度柔软尤尼吉可鱼线成品20付进口钓渔线', 29.6);
INSERT INTO `product` VALUES (372172743292, '特价大包原木纸巾抽纸批发整箱大包纸巾家用面巾纸餐巾纸母婴用纸', 16.9);
INSERT INTO `product` VALUES (372614323605, '实木厨房吊柜壁柜墙上储物柜多功能家用组合柜卫生间挂壁式收纳柜', 216.21);
INSERT INTO `product` VALUES (373249536280, '书包女ins森系百搭 初中高中学生小学生三到六年级大容量双肩背包', 29.8);
INSERT INTO `product` VALUES (373259052373, '现货速发口罩批发一次性加厚三层成人防护抗病菌不勒耳独立包装', 1.58);
INSERT INTO `product` VALUES (374152200382, '冰块模具大容量硅胶冰格冰球家用储冰盒制冰盒带盖冰箱冻冰块神器', 20.92);
INSERT INTO `product` VALUES (374352357067, '玻璃调酒桶酿酒罐泡酒瓶带龙头自制饮料桶啤酒水果茶桶可乐桶容器', 15);
INSERT INTO `product` VALUES (374792276588, '洗衣机过滤网通用型洗衣去毛神器吸毛滤毛网兜滚筒式洗衣机粘毛器', 5.8);
INSERT INTO `product` VALUES (375322607254, '北欧ins风皮革西餐垫防水防烫防油污隔热垫加厚轻奢餐盘垫餐桌垫', 15.8);
INSERT INTO `product` VALUES (377382527187, '【御品一园】陕西红富士苹果水果新鲜冰糖心当季净重3/4.5/8.5斤', 13.5);
INSERT INTO `product` VALUES (378629549104, '高贵中年妈妈气质连衣裙子2022新款中年女士夏装短袖刺绣显瘦裙子', 178);
INSERT INTO `product` VALUES (379079789650, '【56卷巨量超值装】木浆卷纸卫生纸无芯厕所纸巾手纸家用批发14卷', 18.9);
INSERT INTO `product` VALUES (379659556684, '2022秋冬加厚毛衣女水貂绒新款港风洋气水貂毛高领垫肩毛衣上衣女', 39.79);
INSERT INTO `product` VALUES (380156679383, '温柔风娃娃领针织开衫女2022春秋新款韩系宽松外穿减龄毛衣学院风', 34.5);
INSERT INTO `product` VALUES (380855796261, '【特价抽纸】抽纸整箱批发实惠卫生纸厂家直销纸巾妇婴适用棉柔巾', 16.8);
INSERT INTO `product` VALUES (381162889092, '慵懒风连帽毛衣开衫女中长款韩版2022新款春秋宽松设计感针织外套', 42.5);
INSERT INTO `product` VALUES (384307587090, '书包女ins森系百搭耐脏小众冷门大容量初高中学生高颜值双肩包女', 29.82);
INSERT INTO `product` VALUES (384318493376, '高颜值书包女ins森系百搭小学大容量大学高中初中学生双肩包耐脏', 29.9);
INSERT INTO `product` VALUES (384325139806, '高颜值书包女ins森系百搭可爱少女格子双肩包初中高中学生背包潮', 32.65);
INSERT INTO `product` VALUES (385136937333, '五斗柜美式收纳柜简约卧室小柜子床头收纳柜客厅靠墙抽屉柜储物柜', 161);
INSERT INTO `product` VALUES (385604904728, '特价大包原木纸巾抽纸批发整箱大包纸巾母婴用纸家用餐巾纸面巾纸', 16.9);
INSERT INTO `product` VALUES (386081886123, '【御品一园】爆甜冬枣新鲜水果运城庙上冬枣脆枣鲜枣青红栆1000g', 18.8);
INSERT INTO `product` VALUES (388435990281, '吸油棉条通用型抽油烟机油槽吸油纸吸油烟机加厚隔离油污垫纸油膜【12月15日发完】', 5.82);
INSERT INTO `product` VALUES (389017972047, '厨房吊柜墙壁柜挂墙式置物柜子阳台卧室顶柜壁橱墙上收纳柜储物柜', 118.8);
INSERT INTO `product` VALUES (389066878833, '餐厅吊柜墙壁柜厨房墙上储物柜壁挂式收纳柜壁橱阳台卫生间置物架', 160);
INSERT INTO `product` VALUES (389277215715, '吊柜墙壁柜厨房卧室卫生间收纳置物柜壁挂墙式储物柜阳台顶柜定制', 120);
INSERT INTO `product` VALUES (389401438238, '书包女ins森系百搭初高中学生高颜值耐脏涂鸦不撞款大容量背包女', 29.68);
INSERT INTO `product` VALUES (390938047544, '2023新年元旦古风兔子灯笼汉服新年手工制作diy材料手提儿童花灯', 16.8);
INSERT INTO `product` VALUES (390962359281, '【御品一园】精品突尼斯软籽石榴净重5斤280g起正宗四川会理水果', 20.2);
INSERT INTO `product` VALUES (392141926838, '松紧带双层宽扁高弹力耐用床笠橡皮筋裤腰婴儿袖口收紧捆绑绳批发', 23.9);
INSERT INTO `product` VALUES (393076346135, '公牛纯铜地插座多功能多孔防水全封闭2022全新款平推式地面插座', 89.89);
INSERT INTO `product` VALUES (394734529035, '彩色打印资料装订成册网上打印A4复印文件宣传画册印刷论文打印店', 0.5);
INSERT INTO `product` VALUES (395023329646, '浦利顿婴儿电炖锅宝宝专用辅食锅全自动BB煲煮粥神器小炖盅可预约', 139);
INSERT INTO `product` VALUES (395033524880, '德国spb电煮锅家用不粘锅宿舍小电锅学生锅电炒锅多功能多用火锅', 89);
INSERT INTO `product` VALUES (395210634955, '2022春秋新款粉色亮片毛衣女小个子温柔风超温柔镂空针织衫学院风', 29.8);
INSERT INTO `product` VALUES (395977052499, '厨房吊柜墙壁柜挂墙式厨柜调料柜挂柜玻璃橱柜收纳柜置物架子家用', 121);
INSERT INTO `product` VALUES (396246298238, '小香风蓝色亮片套头毛衣女宽松慵懒风早秋2022新款日系针织衫上衣', 29.8);
INSERT INTO `product` VALUES (397318633952, '棉拖鞋女冬季新款情侣室内居家用防滑厚底舒适包头保暖毛毛拖鞋男', 14.9);
INSERT INTO `product` VALUES (397349260183, '正品吉利凡不锈钢双面刀片手动刮胡刀片老式剃须刀片男刮脸刀包邮', 10.36);
INSERT INTO `product` VALUES (399079883734, '新年兔子灯笼2023兔年过年春节新款儿童手提花灯手工制作diy材料', 5.8);
INSERT INTO `product` VALUES (399831127146, '2022年秋季新款设计感宽松百搭时尚胖mm大码中长款长袖衬衫外套女', 36.12);
INSERT INTO `product` VALUES (399870074525, '2022年秋季新款复古港味灯芯绒加厚衬衫女设计感时尚宽松大码外套', 45.8);
INSERT INTO `product` VALUES (400763159907, '自剪鞋垫春秋四季男女儿童通用透气运动鞋垫长条减震透气冲孔鞋垫', 6.9);
INSERT INTO `product` VALUES (400891539363, '挤馅布食品过滤网饺子馅挤水袋葡萄酒豆浆过滤残渣果汁蔬菜超细密', 6.01);
INSERT INTO `product` VALUES (402842329141, '【新果】花牛苹果甘肃天水新鲜水果粉面刮泥蛇果黑苹果净重4.7斤', 21.9);
INSERT INTO `product` VALUES (404329637591, '高端气质遮肚子收腰显瘦连衣裙女2022秋季新款小个子碎花洋气裙子', 148);
INSERT INTO `product` VALUES (404415438008, '舞蹈垫子儿童练功垫折叠海绵仰卧起坐垫子中考学生体育训练体操垫', 17);
INSERT INTO `product` VALUES (405545244702, '啄木鸟皮毛一体外套女2022秋冬季新款加绒加厚宽松机车皮衣夹克潮', 108);
INSERT INTO `product` VALUES (405869593030, '欧货大版中长款网红炸街长袖卫衣女秋季新款韩版宽松大码港风上衣', 38.79);
INSERT INTO `product` VALUES (406416306080, '【5人团】精品香梨净重4.5斤单果140g以上礼盒装红香酥梨子中秋', 31.8);
INSERT INTO `product` VALUES (406503158259, '秋冬季棉拖鞋男士室内家居厚底踩屎感防水面加绒包跟保暖防滑外穿', 9.68);
INSERT INTO `product` VALUES (408080807480, '巴布豆男童鞋子秋季最新款防水皮面运动鞋中大童厚底耐磨防滑潮鞋', 69);
INSERT INTO `product` VALUES (409652438197, '双层加厚松紧带宽扁高弹家用袖口裤腰裤子弹力带裤头橡皮筋收缩带', 23.8);
INSERT INTO `product` VALUES (410085099985, '天然羊脂级白玉手镯真货玉石手镯古风送女士闺蜜妈妈节日生日礼物', 28.8);
INSERT INTO `product` VALUES (410140430606, '泡酒玻璃瓶家用酒坛子高档密封泡人参药酒酒罐酒桶带龙头专用酒瓶', 27);
INSERT INTO `product` VALUES (410213379491, '【御品一园】彩箱正宗爱媛38号果冻橙新鲜水果手剥新鲜4.8斤', 27.9);
INSERT INTO `product` VALUES (411717799872, '正宗甘草片15瓶/大盒老牌子甘草片非复方甘草100片正品甘草含片', 26);
INSERT INTO `product` VALUES (411976901367, '必联S2-se移动随身wifi户外便携无线路由器车载4g网络笔记本上网', 84);
INSERT INTO `product` VALUES (412393951155, '日系可爱毛球纯色珊瑚绒渔夫帽子女秋冬季加绒加厚保暖显脸小盆帽', 24.9);
INSERT INTO `product` VALUES (415306268491, '中年洋气妈妈印花连衣裙女2022秋季新款名媛气质高级感收腰中长裙', 178);
INSERT INTO `product` VALUES (415621537818, '正宗甘草片老牌子 100片批发老牌子甘草片 非复方甘草', 6.3);
INSERT INTO `product` VALUES (415657528251, '【加量+大粗卷】无芯卷纸卫生纸厕所纸家用整箱批发纸巾大卷筒纸', 14.91);
INSERT INTO `product` VALUES (416314432944, '自发热蚕丝德绒波浪领秋冬款保暖内衣女士秋衣秋裤套装女保暖衣', 13.9);
INSERT INTO `product` VALUES (416326234713, '本命年大红色自发热德绒波浪领秋冬款保暖内衣女士秋衣秋裤套装女', 13.9);
INSERT INTO `product` VALUES (416354423652, '正泰开关插座官方旗舰家用面板86型一开带五孔usb开关大全6C灰色', 4.64);
INSERT INTO `product` VALUES (416587573526, '正泰开关插座面板86型带usb一开5五孔家用6M暗装16a空调墙壁灰色', 3.85);
INSERT INTO `product` VALUES (416594730941, '【3.19元抢99955件，抢完恢复4.9元】正泰开关插座面板86型家用空调16A一开五孔带三USB墙壁暗装6M白色', 3.19);
INSERT INTO `product` VALUES (416621815174, '口罩一次性三层民用含熔喷布防飞沫防尘口罩防病毒100/500只批发', 5.88);
INSERT INTO `product` VALUES (417079113873, '自发热蚕丝德绒无痕秋冬季保暖背心内衣女士秋衣女加绒加厚打底衫', 12.09);
INSERT INTO `product` VALUES (417681809940, '浦利顿电煮锅学生宿舍多功能蒸煮一体小型电炒锅 1.5L辅食锅+蒸笼', 89);
INSERT INTO `product` VALUES (417740824694, '自发热蚕蛋白双面德绒无痕秋冬季保暖背心内衣男士秋衣男加绒加厚', 13.68);
INSERT INTO `product` VALUES (418028747168, '山西贡梨冰糖雪梨酥脆梨子新鲜水果当季精选3/5/9斤', 15.8);
INSERT INTO `product` VALUES (418252889036, '【7.43元抢100000件，抢完恢复9.9元】正泰空气开关NBE7小型断路器20A总空开家用1P短路保护2P空调3电闸', 7.43);
INSERT INTO `product` VALUES (418258705384, '【11.78元抢99998件，抢完恢复38元】正泰官方1P2P空气开关泰极空开不带漏电保护器NB6家用小型断路器', 11.78);
INSERT INTO `product` VALUES (418268781590, '【3.11元抢99997件，抢完恢复3.88元】正泰NXB断路器DZ47升级款空气开关漏电保护器家用漏保总闸门开关', 3.11);
INSERT INTO `product` VALUES (418974120205, '正泰漏电保护开关家用3P空气开关2P空开带三相电漏保32A断路器63A', 22.7);
INSERT INTO `product` VALUES (418988094235, '【29.93元抢100000件，抢完恢复39.9元】正泰空气开关NBE7家用2P漏保断路器63A总空开空调电闸带漏电保护', 29.93);
INSERT INTO `product` VALUES (418994716237, '高端阔太太长款连衣裙2022秋冬新款女时尚修身遮肚名媛减龄打底裙', 215);
INSERT INTO `product` VALUES (419134694952, '情侣男软厚底室内公主风日用家居毛绒拖鞋女冬保暖加绒防滑棉拖鞋', 16.9);
INSERT INTO `product` VALUES (419464124105, '高端罗马棉提花连衣裙女2022秋冬这款气质显瘦遮肉中长款长袖裙子', 178);
INSERT INTO `product` VALUES (419678715754, '挤馅布食品过滤网饺子馅挤水袋葡萄酒豆浆过滤残渣果汁蔬菜超细密', 1.01);
INSERT INTO `product` VALUES (419875407890, '贵夫人高档复古V领长袖连衣裙女2022秋冬新款名媛时尚遮肉a字裙子', 218);
INSERT INTO `product` VALUES (420039688988, '秋冬貂绒拼接连衣裙长袖中长款女2022新款韩版名媛遮肉妈妈打底裙', 188);
INSERT INTO `product` VALUES (420146288796, '【4.64元抢99997件，抢完恢复7.72元】正泰开关插座官方旗舰店面板双控多孔86型带五孔墙壁暗装家用6C灰', 4.64);
INSERT INTO `product` VALUES (420339880883, '怪兽饭勺家用电饭煲盛饭勺子不粘米饭铲可立式塑料打饭勺子耐高温', 5.8);
INSERT INTO `product` VALUES (420357606364, '复古貂绒加厚妈妈连衣裙女2022秋冬新款高端长袖遮肚中长款打底裙', 188);
INSERT INTO `product` VALUES (420446192439, '秋冬连衣裙针织刺绣2022新款气质高端女神范收腰过膝中长款a字裙', 188);
INSERT INTO `product` VALUES (420568827730, '发圈头绳收纳架收纳神器宿舍发箍头绳挂钩首饰架学生发卡发饰头箍', 5.88);
INSERT INTO `product` VALUES (420825129076, '正泰开关插座官方旗舰店家用暗装一开五孔10A插座单双控面板86型', 3.46);
INSERT INTO `product` VALUES (421058812404, '缅甸正品翡翠玉手镯女真货冰种老坑蓝水浅绿玉镯子女款带证书送礼', 99);
INSERT INTO `product` VALUES (422081427821, '【加厚加量】大包带整箱批发抽纸家用纸巾餐巾纸面巾纸柔纸卫生纸', 16.9);
INSERT INTO `product` VALUES (422418958418, '2022新款爆款鞋柜家用门口楼道玄关柜简约现代大容量经济收纳鞋架', 166);
INSERT INTO `product` VALUES (422658899741, '【5人团】云南哀牢山新鲜纯甜冰糖橙优选大果净重5.2斤单果65mm起', 14.5);
INSERT INTO `product` VALUES (423701745802, 'K6X酒精消毒枪喷雾器防疫蓝光纳米雾化器USB充电84杀菌空气净化器【1月12日发完】', 52.99);
INSERT INTO `product` VALUES (424021812657, '巴布豆女童鞋子秋冬新款运动鞋防寒加绒二棉软底增高耐磨保暖潮鞋', 69);
INSERT INTO `product` VALUES (424364458970, '【带证书】高档翡翠蓝水佛公冰种笑佛翡翠弥勒佛吊坠女保平安健康', 29.9);
INSERT INTO `product` VALUES (424378648462, '正品手机屏幕放大器网课护眼防辐射3D高清看视频追剧手机支架神器', 1.68);
INSERT INTO `product` VALUES (424638121807, '实木沙发边几床头边柜小桌子茶几移动卧室阳台客厅茶桌方角几边桌', 129);
INSERT INTO `product` VALUES (425436646019, '啄木鸟高档立领羽绒棉马甲女秋冬装新款亮面棉服韩版宽松马夹外套', 98);
INSERT INTO `product` VALUES (425623919938, '【御品一园】正宗春见耙耙柑彩箱新鲜水果四川柑橘桔子4.7斤', 26.9);
INSERT INTO `product` VALUES (425791743503, '【御品一园】精品运城苹果红富士水果新鲜冰糖心丑苹果脆甜4.5斤', 40.8);
INSERT INTO `product` VALUES (426046354610, '【御品一园】正宗广西沃柑纯甜精品彩箱新鲜水果柑橘橙桔子3斤', 14.9);
INSERT INTO `product` VALUES (426262513532, '【褚甜橙】云南哀牢山纯甜冰糖橙新鲜优选大果净重5/9斤单果60起', 33.2);
INSERT INTO `product` VALUES (426486236575, '方便代餐免煮冲泡早餐粥礼袋装速食多口味杂粮餐美味宵夜网红零食', 16.72);
INSERT INTO `product` VALUES (426592048344, '2023兔年新年过年对联春联装饰用品春节家用门联大门布置福字门贴', 9.8);
INSERT INTO `product` VALUES (426808738043, '【工厂店】凡士林身体乳护手霜防冻防干裂补水滋润保湿润肤霜男女', 21);
INSERT INTO `product` VALUES (427055592059, '兔年玻璃贴生肖2023过年静电贴新年装饰品门贴窗花福字春节剪纸', 2.46);
INSERT INTO `product` VALUES (427644381120, '正宗四川不知火丑橘彩箱新鲜水果四川柑橘桔子4.7斤', 24.5);
INSERT INTO `product` VALUES (428194788512, '2022秋冬新款女红色网纱长款配大衣毛衣裙子内搭打底针织连衣裙子', 188);
INSERT INTO `product` VALUES (429087807725, '现货速发口罩批发一次性男女防尘防雾霾三层民用防护透气成人口罩', 5.58);
INSERT INTO `product` VALUES (429723182826, '天然猪肠衣羊肠衣自制灌香肠工具家用食品级肠子衣红腊肠香肠调料', 6.7);
INSERT INTO `product` VALUES (429986765919, '2023兔年个性创意新款过年红包袋新年春节儿童卡通千元压岁利是封', 4.6);
INSERT INTO `product` VALUES (430037794495, '整装全实木椅子餐椅家用凳子靠背椅中式古典雕花象头椅酒店餐桌椅', 156.75);
INSERT INTO `product` VALUES (430363822854, '高端雪尼尔绒2022加厚木耳边配大衣连衣裙气质优雅遮肚洋气中长裙', 208);
INSERT INTO `product` VALUES (430436761938, '宜关茶叶普洱茶熟茶饼正宗陈年古树老班章勐海云南七子饼茶357g', 98.6);
INSERT INTO `product` VALUES (431035590440, '实木椅子餐椅家用简约现代新中式轻奢原木头餐厅餐桌椅凳子靠背椅', 55);
INSERT INTO `product` VALUES (431072606477, '2023兔年新年新款红包袋过年儿童卡通个性创意春节千元压岁利是封', 9.9);
INSERT INTO `product` VALUES (432558840547, '新款对联2023春联兔年过年装饰卡通立体春节新年大门家用装饰品', 6.7);
INSERT INTO `product` VALUES (433168495598, '厨房懒人抹布去除油污神器吸水吸油纸巾干湿两用一次性洗碗布批发', 5.58);
INSERT INTO `product` VALUES (435950921362, '【5人团】四川正宗春见耙耙柑净重5斤果径73mm以上彩箱新鲜水果', 19.5);
INSERT INTO `product` VALUES (436668205888, '钓鱼线主线组正品野钓线斑点隐形强悍拉力柔软切水快超越德国鱼线', 4.89);

-- ----------------------------
-- Table structure for server_host
-- ----------------------------
DROP TABLE IF EXISTS `server_host`;
CREATE TABLE `server_host`  (
  `id` bigint(20) NOT NULL,
  `ipv4` varchar(255) CHARACTER SET utf8 COLLATE utf8_general_ci NULL DEFAULT NULL,
  PRIMARY KEY (`id`) USING BTREE
) ENGINE = InnoDB CHARACTER SET = utf8 COLLATE = utf8_general_ci ROW_FORMAT = DYNAMIC;

-- ----------------------------
-- Records of server_host
-- ----------------------------
INSERT INTO `server_host` VALUES (1, '203.195.136.146');
INSERT INTO `server_host` VALUES (2, '103.250.32.51');
INSERT INTO `server_host` VALUES (3, '203.90.0.54');
INSERT INTO `server_host` VALUES (4, '103.125.199.121');
INSERT INTO `server_host` VALUES (5, '202.134.217.224');

SET FOREIGN_KEY_CHECKS = 1;
